Date,Name,Year,Letterboxd URI,Rating
2023-08-07,Barbie,2023,https://boxd.it/bCLK,4
2023-08-07,Oppenheimer,2023,https://boxd.it/wUow,4.5
2023-08-07,Interstellar,2014,https://boxd.it/4VZ8,4.5
2023-08-16,Passages,2023,https://boxd.it/xX9c,3.5
2023-12-03,Twelve Monkeys,1995,https://boxd.it/2beQ,3.5
2023-12-04,Come and See,1985,https://boxd.it/1w9q,4
2023-12-10,The Holdovers,2023,https://boxd.it/vHza,4.5
2024-04-26,[REC],2007,https://boxd.it/20ma,4
2024-04-26,Creep,2014,https://boxd.it/7l4c,3.5
2024-04-26,Creep 2,2017,https://boxd.it/dSEO,3.5
2024-04-26,Troll Hunter,2010,https://boxd.it/NQY,3.5
2024-04-26,"As Above, So Below",2014,https://boxd.it/7yui,3.5
2024-04-26,Paranormal Activity,2007,https://boxd.it/1yIM,3.5
2024-04-26,Force Majeure,2014,https://boxd.it/7UcA,4
2024-04-26,The Death of Stalin,2017,https://boxd.it/ea9Y,4
2024-04-26,The Intouchables,2011,https://boxd.it/2FT0,4.5
2024-04-26,Boy,2010,https://boxd.it/13RS,4
2024-04-26,Hunt for the Wilderpeople,2016,https://boxd.it/cTgG,4
2024-04-26,Wild Tales,2014,https://boxd.it/7UmK,4
2024-04-26,What We Do in the Shadows,2014,https://boxd.it/7eQy,4
2024-04-26,About Time,2013,https://boxd.it/43bI,4
2024-04-26,Fantastic Mr. Fox,2009,https://boxd.it/1WyQ,4
2024-04-26,The Hitchhiker's Guide to the Galaxy,2005,https://boxd.it/20VE,4.5
2024-04-26,Life of Brian,1979,https://boxd.it/2a4q,4.5
2024-04-26,Monty Python and the Holy Grail,1975,https://boxd.it/29GI,4.5
2024-04-26,Shaun the Sheep Movie,2015,https://boxd.it/7Pdy,4
2024-04-26,Me and Earl and the Dying Girl,2015,https://boxd.it/9SAE,4
2024-04-26,(500) Days of Summer,2009,https://boxd.it/1EmM,4
2024-04-26,Tucker and Dale vs. Evil,2010,https://boxd.it/Mce,4
2024-04-26,Dope,2015,https://boxd.it/9Tho,4
2024-04-26,Stranger Than Fiction,2006,https://boxd.it/28Za,4
2024-04-26,Sorry to Bother You,2018,https://boxd.it/f21E,4.5
2024-04-26,Shaun of the Dead,2004,https://boxd.it/29J8,4
2024-04-26,Captain Fantastic,2016,https://boxd.it/b2K2,4
2024-04-26,Paddington 2,2017,https://boxd.it/bCF8,4
2024-04-26,Game Night,2018,https://boxd.it/fRtu,4
2024-04-26,Frank,2014,https://boxd.it/5hII,4
2024-04-26,Safety Not Guaranteed,2012,https://boxd.it/2Y3M,4
2024-04-26,The Boat That Rocked,2009,https://boxd.it/1FZA,4
2024-04-26,Frequently Asked Questions About Time Travel,2009,https://boxd.it/1Au8,4
2024-04-26,In Bruges,2008,https://boxd.it/20n8,4
2024-04-26,Ferris Bueller's Day Off,1986,https://boxd.it/1YPY,4
2024-04-26,"O Brother, Where Art Thou?",2000,https://boxd.it/2b3I,4
2024-04-26,Scott Pilgrim vs. the World,2010,https://boxd.it/1Aq6,4
2024-04-26,Bottoms,2023,https://boxd.it/uGf2,4
2024-04-26,Logan Lucky,2017,https://boxd.it/dZrs,3.5
2024-04-26,"Are You There God? It's Me, Margaret.",2023,https://boxd.it/kiYC,4
2024-04-26,Triangle of Sadness,2022,https://boxd.it/hXlq,3.5
2024-04-26,Poor Things,2023,https://boxd.it/tNWU,4.5
2024-04-26,The Descendants,2011,https://boxd.it/4Ba,4
2024-04-26,Shrek 2,2004,https://boxd.it/29z8,4
2024-04-26,Patriot,2015,https://boxd.it/craA,4
2024-04-26,The Orphanage,2007,https://boxd.it/2bfE,4
2024-04-26,Barbarian,2022,https://boxd.it/yohi,4
2024-04-26,A Quiet Place,2018,https://boxd.it/fVJQ,4.5
2024-04-26,Hereditary,2018,https://boxd.it/hNVe,4
2024-04-26,Coherence,2013,https://boxd.it/6xza,4
2024-04-26,28 Days Later,2002,https://boxd.it/2aXU,4
2024-04-26,The Conjuring,2013,https://boxd.it/4sr2,4
2024-04-26,X,2022,https://boxd.it/sxVa,3.5
2024-04-26,The Descent,2005,https://boxd.it/1YNy,4
2024-04-26,Saw,2004,https://boxd.it/2aWW,4
2024-04-26,Martyrs,2008,https://boxd.it/1Yqu,4
2024-04-26,10 Cloverfield Lane,2016,https://boxd.it/aZiu,4
2024-04-26,The Conjuring 2,2016,https://boxd.it/7GJg,4
2024-04-26,Mandy,2018,https://boxd.it/gtti,4
2024-04-26,Dawn of the Dead,2004,https://boxd.it/29gK,4
2024-04-26,Annihilation,2018,https://boxd.it/9yzm,4
2024-04-26,The Babadook,2014,https://boxd.it/77xu,4
2024-04-26,Sinister,2012,https://boxd.it/2TnW,3.5
2024-04-26,Exam,2009,https://boxd.it/1mn8,4
2024-04-26,The Invisible Man,2020,https://boxd.it/kWlA,3.5
2024-04-26,You're Next,2011,https://boxd.it/2WWK,3.5
2024-04-26,Kill List,2011,https://boxd.it/2z4g,3
2024-04-26,Speak No Evil,2022,https://boxd.it/vqlg,3.5
2024-04-26,Raw,2016,https://boxd.it/dLd2,3.5
2024-04-26,The Witch,2015,https://boxd.it/9X0m,3.5
2024-04-26,The Crazies,2010,https://boxd.it/1nvW,3.5
2024-04-26,Don't Breathe,2016,https://boxd.it/9yzw,3.5
2024-04-26,It Follows,2014,https://boxd.it/87wo,4
2024-04-26,A Cure for Wellness,2016,https://boxd.it/bkQW,3
2024-04-26,Inside,2007,https://boxd.it/1QqG,3.5
2024-04-26,Green Room,2015,https://boxd.it/a75m,4
2024-04-26,Get Out,2017,https://boxd.it/eOCm,4.5
2024-04-26,Us,2019,https://boxd.it/gnV6,4
2024-04-26,Pearl,2022,https://boxd.it/zPbe,3.5
2024-04-26,Nope,2022,https://boxd.it/sDCe,4
2024-04-26,Doctor Sleep,2019,https://boxd.it/i5vI,3.5
2024-04-26,Talk to Me,2022,https://boxd.it/C6uQ,4
2024-04-26,The Lighthouse,2019,https://boxd.it/icFU,4
2024-04-26,Last Night in Soho,2021,https://boxd.it/lbJC,3.5
2024-04-26,The Whale,2022,https://boxd.it/tw4c,4.5
2024-04-26,The Boy in the Striped Pyjamas,2008,https://boxd.it/1NOK,4.5
2024-04-26,The Pianist,2002,https://boxd.it/2aqc,4.5
2024-04-26,Schindler's List,1993,https://boxd.it/2aq2,4.5
2024-04-26,A Star Is Born,2018,https://boxd.it/aXgc,3.5
2024-04-26,Big Fish,2003,https://boxd.it/2a3M,4
2024-04-26,Manchester by the Sea,2016,https://boxd.it/b2L0,4
2024-04-26,Hotel Rwanda,2004,https://boxd.it/2aSA,4
2024-04-26,Room,2015,https://boxd.it/7T0y,4.5
2024-04-26,The Perks of Being a Wallflower,2012,https://boxd.it/2ZA8,4
2024-04-26,Silver Linings Playbook,2012,https://boxd.it/2TTo,4
2024-04-26,Brothers,2009,https://boxd.it/20WW,4
2024-04-26,The Road,2009,https://boxd.it/1CWI,4
2024-04-26,The Florida Project,2017,https://boxd.it/dMG0,4
2024-04-26,Nocturnal Animals,2016,https://boxd.it/bkFu,4
2024-04-26,Children of Men,2006,https://boxd.it/1Y2i,4
2024-04-26,Dear Zachary: A Letter to a Son About His Father,2008,https://boxd.it/1LW8,4.5
2024-04-26,Never Let Me Go,2010,https://boxd.it/Xw0,3.5
2024-04-26,Beautiful Boy,2018,https://boxd.it/g76Q,4.5
2024-04-26,Atonement,2007,https://boxd.it/24ui,4
2024-04-26,Incendies,2010,https://boxd.it/Msm,4.5
2024-04-26,Close,2022,https://boxd.it/y4qa,4
2024-04-26,A Small Light,2023,https://boxd.it/GilY,4
2024-04-26,The Iron Claw,2023,https://boxd.it/w5Pm,4
2024-04-26,Half Nelson,2006,https://boxd.it/20Ng,4
2024-04-26,Pieces of a Woman,2020,https://boxd.it/nOrQ,3.5
2024-04-26,Her,2013,https://boxd.it/4O24,4
2024-04-26,Eighth Grade,2018,https://boxd.it/hDMG,4
2024-04-26,Whiplash,2014,https://boxd.it/7bQA,4.5
2024-04-26,Parasite,2019,https://boxd.it/hTha,4.5
2024-04-26,The Prestige,2006,https://boxd.it/293w,4.5
2024-04-26,The Departed,2006,https://boxd.it/28MA,4.5
2024-04-26,Fight Club,1999,https://boxd.it/2a9q,4.5
2024-04-26,The Banshees of Inisherin,2022,https://boxd.it/p7XS,4
2024-04-26,C'mon C'mon,2021,https://boxd.it/nrI0,4
2024-04-26,TÁR,2022,https://boxd.it/uNIA,4.5
2024-04-26,Private Life,2018,https://boxd.it/gn9Q,3.5
2024-04-26,Promising Young Woman,2020,https://boxd.it/loRE,3.5
2024-04-26,Dark Waters,2019,https://boxd.it/kaYu,4
2024-04-26,Lady Bird,2017,https://boxd.it/dGNE,4
2024-04-26,The Shape of Water,2017,https://boxd.it/dZ5m,4
2024-04-26,There Will Be Blood,2007,https://boxd.it/20Z2,4.5
2024-04-26,Arrival,2016,https://boxd.it/aNGk,4.5
2024-04-26,Inside Llewyn Davis,2013,https://boxd.it/34Ro,3.5
2024-04-26,The Big Short,2015,https://boxd.it/ajZw,4
2024-04-26,The Martian,2015,https://boxd.it/8SeG,4
2024-04-26,Disconnect,2012,https://boxd.it/4aJM,4
2024-04-26,The Truman Show,1998,https://boxd.it/18U8,4
2024-04-26,The Impossible,2012,https://boxd.it/2N9k,4
2024-04-26,Traffic,2000,https://boxd.it/27Ue,4
2024-04-26,Spotlight,2015,https://boxd.it/a84k,4
2024-04-26,Trainspotting,1996,https://boxd.it/29XY,4
2024-04-26,Lord of War,2005,https://boxd.it/284y,4
2024-04-26,Searching,2018,https://boxd.it/hDPg,4
2024-04-26,Short Term 12,2013,https://boxd.it/5f6s,4
2024-04-26,Gone Baby Gone,2007,https://boxd.it/23R6,4
2024-04-26,Flight,2012,https://boxd.it/35Ca,4
2024-04-26,Pan's Labyrinth,2006,https://boxd.it/28No,4
2024-04-26,Hacksaw Ridge,2016,https://boxd.it/azew,4
2024-04-26,Biutiful,2010,https://boxd.it/OiI,4
2024-04-26,The Lobster,2015,https://boxd.it/7tnw,4
2024-04-26,Aftersun,2022,https://boxd.it/Arw0,4.5
2024-04-26,Waves,2019,https://boxd.it/jpmy,4
2024-04-26,Killers of the Flower Moon,2023,https://boxd.it/gHp0,4
2024-04-26,GoodFellas,1990,https://boxd.it/29FA,4.5
2024-04-26,Sideways,2004,https://boxd.it/1Y5c,3.5
2024-04-26,May December,2023,https://boxd.it/vEE2,3.5
2024-04-26,Ex Machina,2015,https://boxd.it/7T2k,4
2024-04-26,Road to Perdition,2002,https://boxd.it/24Lo,4
2024-04-26,Eastern Promises,2007,https://boxd.it/275q,4
2024-04-26,Sunshine,2007,https://boxd.it/28Xy,4
2024-04-26,The Game,1997,https://boxd.it/26vC,4
2024-04-26,21 Grams,2003,https://boxd.it/2ajK,4
2024-04-26,Good Time,2017,https://boxd.it/fcFu,4
2024-04-26,The Skin I Live In,2011,https://boxd.it/99A,4
2024-04-26,Godzilla Minus One,2023,https://boxd.it/zu4c,4
2024-04-26,Nightcrawler,2014,https://boxd.it/780m,4.5
2024-04-26,Se7en,1995,https://boxd.it/29zs,4
2024-04-26,Love Lies Bleeding,2024,https://boxd.it/zN4q,3.5
2024-04-26,Before the Devil Knows You're Dead,2007,https://boxd.it/20Jy,4
2024-04-26,Running Scared,2006,https://boxd.it/210E,4
2024-04-26,The Devil Came on Horseback,2007,https://boxd.it/1QZQ,4
2024-04-26,Amy,2015,https://boxd.it/aSNU,4
2024-04-26,Enron: The Smartest Guys in the Room,2005,https://boxd.it/1R0k,4
2024-04-26,"Waiting for ""Superman""",2010,https://boxd.it/13FM,4
2024-04-26,Chasing Coral,2017,https://boxd.it/flkU,4
2024-04-26,The House I Live In,2012,https://boxd.it/2Yay,4
2024-04-26,Chasing Ice,2012,https://boxd.it/2XO8,4
2024-04-26,Icarus,2017,https://boxd.it/fmje,4
2024-04-26,Touching the Void,2003,https://boxd.it/1Up8,4
2024-04-26,Grizzly Man,2005,https://boxd.it/2ag2,4
2024-04-26,This Film Is Not Yet Rated,2006,https://boxd.it/1KTs,4
2024-04-26,Meru,2015,https://boxd.it/aixm,4
2024-04-26,Jesus Camp,2006,https://boxd.it/28ac,4
2024-04-26,Inside Job,2010,https://boxd.it/Rsw,4
2024-04-26,The Bridge,2006,https://boxd.it/28lO,4
2024-04-26,Armadillo,2010,https://boxd.it/17pS,4
2024-04-26,Last Breath,2019,https://boxd.it/kWGe,4
2024-04-26,The Deepest Breath,2023,https://boxd.it/E35i,4
2024-04-26,The Barkley Marathons: The Race That Eats Its Young,2014,https://boxd.it/b2ck,4
2024-04-26,Restrepo,2010,https://boxd.it/13Yk,4
2024-04-26,TRON: Legacy,2010,https://boxd.it/1Dlo,3.5
2024-04-26,The Lord of the Rings: The Return of the King,2003,https://boxd.it/2b5u,5
2024-04-26,WALL·E,2008,https://boxd.it/1VEo,4.5
2024-04-26,The Dark Knight,2008,https://boxd.it/2b0k,4.5
2024-04-26,The Lord of the Rings: The Fellowship of the Ring,2001,https://boxd.it/2b5O,4.5
2024-04-26,All Quiet on the Western Front,2022,https://boxd.it/H08,4
2024-04-26,The Way Back,2010,https://boxd.it/H5C,4
2024-04-26,Megamind,2010,https://boxd.it/16Sk,4
2024-04-26,Knight and Day,2010,https://boxd.it/17po,3.5
2024-04-26,Splice,2009,https://boxd.it/17HW,3
2024-04-26,Wall Street: Money Never Sleeps,2010,https://boxd.it/1eGm,3.5
2024-04-26,Defiance,2008,https://boxd.it/1Pme,4
2024-04-26,RocknRolla,2008,https://boxd.it/1PmI,4
2024-04-26,Eden Lake,2008,https://boxd.it/1Q1m,3
2024-04-26,A Serious Man,2009,https://boxd.it/1RFW,3.5
2024-04-26,Alice in Wonderland,2010,https://boxd.it/1Spq,3.5
2024-04-26,Zack and Miri Make a Porno,2008,https://boxd.it/1WsI,3.5
2024-04-26,Death Proof,2007,https://boxd.it/27GG,4
2024-04-26,Hook,1991,https://boxd.it/29nQ,3.5
2024-04-26,Boyz n the Hood,1991,https://boxd.it/29Ug,4
2024-04-26,The Silence of the Lambs,1991,https://boxd.it/2aHW,4.5
2024-04-26,Argo,2012,https://boxd.it/2czU,4
2024-04-26,Bones and All,2022,https://boxd.it/tLd4,3.5
2024-04-26,Mare of Easttown,2021,https://boxd.it/u2h8,4.5
2024-04-26,Feel Good,2015,https://boxd.it/KDa6,4
2024-04-26,The Union: The Business Behind Getting High,2007,https://boxd.it/1ayS,4
2024-04-26,Repo Men,2010,https://boxd.it/1icK,3.5
2024-04-26,Ink,2009,https://boxd.it/1wR8,3.5
2024-04-26,The Invention of Lying,2009,https://boxd.it/1zGs,3.5
2024-04-26,The Pixar Story,2007,https://boxd.it/1Mtm,4.5
2024-04-26,G.I. Joe: The Rise of Cobra,2009,https://boxd.it/1Ndu,2.5
2024-04-26,Up,2009,https://boxd.it/1OEc,4.5
2024-04-26,Eagle Eye,2008,https://boxd.it/1QZc,3.5
2024-04-26,Porco Rosso,1992,https://boxd.it/1Tp2,4
2024-04-26,Yes Man,2008,https://boxd.it/1WPW,3.5
2024-04-26,Dazed and Confused,1993,https://boxd.it/1Ylk,4
2024-04-26,The Imaginarium of Doctor Parnassus,2009,https://boxd.it/20DA,4
2024-04-26,The Wave,2008,https://boxd.it/20OS,4
2024-04-26,The Fugitive,1993,https://boxd.it/230G,4
2024-04-26,A Few Good Men,1992,https://boxd.it/29nw,3.5
2024-04-26,Reservoir Dogs,1992,https://boxd.it/2agc,4.5
2024-04-26,Jurassic Park,1993,https://boxd.it/2aA2,4.5
2024-04-26,Groundhog Day,1993,https://boxd.it/2b3e,4
2024-04-26,Suspiria,2018,https://boxd.it/cioI,3.5
2024-04-26,Minari,2020,https://boxd.it/mL9M,4
2024-04-26,Forrest Gump,1994,https://boxd.it/728,4.5
2024-04-26,Paul,2011,https://boxd.it/13uE,3.5
2024-04-26,Skyfall,2012,https://boxd.it/17Fc,4
2024-04-26,Adventureland,2009,https://boxd.it/1JTQ,3.5
2024-04-26,Boy A,2007,https://boxd.it/1NsY,3.5
2024-04-26,Wayne's World 2,1993,https://boxd.it/1ZHw,3.5
2024-04-26,The Lion King,1994,https://boxd.it/201Q,4.5
2024-04-26,Ace Ventura: Pet Detective,1994,https://boxd.it/25RW,3.5
2024-04-26,Clerks,1994,https://boxd.it/2706,4
2024-04-26,What's Eating Gilbert Grape,1993,https://boxd.it/28xg,4
2024-04-26,The Mask,1994,https://boxd.it/29rS,3.5
2024-04-26,Mrs. Doubtfire,1993,https://boxd.it/29Cw,3.5
2024-04-26,Pulp Fiction,1994,https://boxd.it/29Pq,4.5
2024-04-26,Léon: The Professional,1994,https://boxd.it/2b8S,4.5
2024-04-26,Foxcatcher,2014,https://boxd.it/35Di,3.5
2024-04-26,Paddington,2014,https://boxd.it/3RKw,3.5
2024-04-26,Lone Survivor,2013,https://boxd.it/5Qj4,4
2024-04-26,Titane,2021,https://boxd.it/nlQC,3.5
2024-04-26,Green Lantern,2011,https://boxd.it/QN4,3
2024-04-26,Sin Nombre,2009,https://boxd.it/1ChU,4
2024-04-26,The Hangover,2009,https://boxd.it/1GjK,4
2024-04-26,The Taking of Pelham 1 2 3,2009,https://boxd.it/1GS6,3.5
2024-04-26,Drag Me to Hell,2009,https://boxd.it/1Jzw,3.5
2024-04-26,Jackass 3D,2010,https://boxd.it/1KpM,3.5
2024-04-26,The Girl with the Dragon Tattoo,2009,https://boxd.it/1Mb8,4
2024-04-26,Super High Me,2007,https://boxd.it/1Ouw,3
2024-04-26,Felon,2008,https://boxd.it/1R1C,4
2024-04-26,The Informant!,2009,https://boxd.it/1U8c,3
2024-04-26,The Ides of March,2011,https://boxd.it/1WyG,3.5
2024-04-26,Jumanji,1995,https://boxd.it/1ZLI,3.5
2024-04-26,Casino,1995,https://boxd.it/2ads,4.5
2024-04-26,The Northman,2022,https://boxd.it/nK2s,3.5
2024-04-26,Don't Look Up,2021,https://boxd.it/o0Hc,4
2024-04-26,The Unbearable Weight of Massive Talent,2022,https://boxd.it/o6eK,4
2024-04-26,Shiva Baby,2020,https://boxd.it/oIv0,3.5
2024-04-26,Maid,2021,https://boxd.it/x3mk,4.5
2024-04-26,The Hobbit: The Desolation of Smaug,2013,https://boxd.it/nmS,4
2024-04-26,The Rite,2011,https://boxd.it/J7q,2.5
2024-04-26,Orphan,2009,https://boxd.it/1CgM,3.5
2024-04-26,Zombieland,2009,https://boxd.it/1En6,4
2024-04-26,District 9,2009,https://boxd.it/1Iik,4
2024-04-26,Man on Wire,2008,https://boxd.it/1ORK,3.5
2024-04-26,Zeitgeist: The Movie,2007,https://boxd.it/1R0Y,3.5
2024-04-26,Leaves of Grass,2009,https://boxd.it/1R84,3.5
2024-04-26,The Ghost Writer,2010,https://boxd.it/1TQW,3.5
2024-04-26,Tommy Boy,1995,https://boxd.it/1TZ0,3.5
2024-04-26,James and the Giant Peach,1996,https://boxd.it/1W0O,3.5
2024-04-26,Mission: Impossible,1996,https://boxd.it/29d2,3.5
2024-04-26,Toy Story,1995,https://boxd.it/29qA,4
2024-04-26,The Usual Suspects,1995,https://boxd.it/29XE,4.5
2024-04-26,Independence Day,1996,https://boxd.it/2a1w,3
2024-04-26,Fargo,1996,https://boxd.it/2aHM,4
2024-04-26,Dune,2021,https://boxd.it/fA7G,4
2024-04-26,No Sudden Move,2021,https://boxd.it/o7WS,3
2024-04-26,The Dissident,2020,https://boxd.it/oiQm,3.5
2024-04-26,The Killer,2023,https://boxd.it/u6WE,3.5
2024-04-26,The Lincoln Lawyer,2011,https://boxd.it/DRM,4
2024-04-26,The Bourne Legacy,2012,https://boxd.it/H16,3
2024-04-26,Rango,2011,https://boxd.it/QPk,3.5
2024-04-26,Triangle,2009,https://boxd.it/1tQG,3.5
2024-04-26,The House of the Devil,2009,https://boxd.it/1uIe,3
2024-04-26,Up in the Air,2009,https://boxd.it/1zPY,4
2024-04-26,Polytechnique,2009,https://boxd.it/1AMG,3.5
2024-04-26,Moon,2009,https://boxd.it/1IGQ,4
2024-04-26,2012,2009,https://boxd.it/1OE2,3
2024-04-26,The Rock,1996,https://boxd.it/1XM0,3.5
2024-04-26,Boogie Nights,1997,https://boxd.it/23um,4
2024-04-26,Austin Powers: International Man of Mystery,1997,https://boxd.it/29y0,3.5
2024-04-26,Gattaca,1997,https://boxd.it/29Du,4
2024-04-26,Good Will Hunting,1997,https://boxd.it/2ahY,4.5
2024-04-26,The Big Lebowski,1998,https://boxd.it/2b6C,4
2024-04-26,Demolition,2015,https://boxd.it/9GuY,4
2024-04-26,The Creator,2023,https://boxd.it/oXWq,3.5
2024-04-26,The Fallout,2021,https://boxd.it/tViI,3.5
2024-04-26,Painkiller,2023,https://boxd.it/HXVK,3
2024-04-26,Law Abiding Citizen,2009,https://boxd.it/1A2I,4
2024-04-26,Observe and Report,2009,https://boxd.it/1Joe,3
2024-04-26,Gran Torino,2008,https://boxd.it/1Qzy,4
2024-04-26,Harry Potter and the Deathly Hallows: Part 2,2011,https://boxd.it/1RYk,4.5
2024-04-26,Volcano,1997,https://boxd.it/1WsS,3
2024-04-26,Fantastic Four,2005,https://boxd.it/1XVw,3
2024-04-26,A Bug's Life,1998,https://boxd.it/1Yyy,4
2024-04-26,Antz,1998,https://boxd.it/1ZB4,3.5
2024-04-26,Chicken Run,2000,https://boxd.it/20Xg,3.5
2024-04-26,Three Kings,1999,https://boxd.it/21IG,3.5
2024-04-26,Rush Hour,1998,https://boxd.it/27pU,3.5
2024-04-26,Fear and Loathing in Las Vegas,1998,https://boxd.it/27Xs,4
2024-04-26,Liar Liar,1997,https://boxd.it/28sg,3.5
2024-04-26,Toy Story 2,1999,https://boxd.it/29qq,4.5
2024-04-26,Titanic,1997,https://boxd.it/2a2k,4
2024-04-26,The Green Mile,1999,https://boxd.it/2agG,4.5
2024-04-26,Being John Malkovich,1999,https://boxd.it/2ahu,4
2024-04-26,Princess Mononoke,1997,https://boxd.it/2b4w,4.5
2024-04-26,"Lock, Stock and Two Smoking Barrels",1998,https://boxd.it/2b92,4
2024-04-26,American History X,1998,https://boxd.it/2bdo,4.5
2024-04-26,Last Vegas,2013,https://boxd.it/4pFA,3.5
2024-04-26,Out of the Furnace,2013,https://boxd.it/572i,3
2024-04-26,Vengeance,2022,https://boxd.it/pu7U,3
2024-04-26,Brave,2012,https://boxd.it/bVG,4
2024-04-26,Moneyball,2011,https://boxd.it/glS,4
2024-04-26,Limitless,2011,https://boxd.it/Aly,4
2024-04-26,The Debt,2010,https://boxd.it/IPc,3.5
2024-04-26,Legend of the Guardians: The Owls of Ga'Hoole,2010,https://boxd.it/ZUy,3.5
2024-04-26,X-Men,2000,https://boxd.it/1a7s,4
2024-04-26,Get Him to the Greek,2010,https://boxd.it/1gyk,3.5
2024-04-26,Brooklyn's Finest,2009,https://boxd.it/1tXi,3.5
2024-04-26,The Girl Who Played with Fire,2009,https://boxd.it/1y0K,3.5
2024-04-26,The Fourth Kind,2009,https://boxd.it/1zZY,3
2024-04-26,Ip Man,2008,https://boxd.it/1NrQ,4
2024-04-26,Edge of Darkness,2010,https://boxd.it/1SiE,3.5
2024-04-26,The Emperor's New Groove,2000,https://boxd.it/1Tey,3.5
2024-04-26,Iron Man 2,2010,https://boxd.it/1WZM,4
2024-04-26,Star Wars: Episode III – Revenge of the Sith,2005,https://boxd.it/27US,4
2024-04-26,Star Wars: Episode II – Attack of the Clones,2002,https://boxd.it/27V2,3.5
2024-04-26,Star Wars: Episode I – The Phantom Menace,1999,https://boxd.it/27Vc,3
2024-04-26,Saving Private Ryan,1998,https://boxd.it/29ro,4.5
2024-04-26,Lawless,2012,https://boxd.it/2TIK,4
2024-04-26,The World's End,2013,https://boxd.it/3EiO,4
2024-04-26,Anchorman 2: The Legend Continues,2013,https://boxd.it/3GNk,3.5
2024-04-26,Doctor Strange,2016,https://boxd.it/8MH8,3.5
2024-04-26,First Man,2018,https://boxd.it/cPym,4
2024-04-26,South ParQ Vaccination Special,2021,https://boxd.it/ujwu,4.5
2024-04-26,21 Jump Street,2012,https://boxd.it/J0,3.5
2024-04-26,The Devil's Double,2011,https://boxd.it/aRo,4
2024-04-26,Looper,2012,https://boxd.it/ham,4
2024-04-26,X-Men: First Class,2011,https://boxd.it/FOA,4
2024-04-26,Due Date,2010,https://boxd.it/YFs,3.5
2024-04-26,RED,2010,https://boxd.it/13uu,3.5
2024-04-26,Mystery Team,2009,https://boxd.it/16Nu,3.5
2024-04-26,Easy A,2010,https://boxd.it/17DK,3.5
2024-04-26,Fish Tank,2009,https://boxd.it/1xBg,3.5
2024-04-26,Kick-Ass,2010,https://boxd.it/1zaQ,4
2024-04-26,Hot Tub Time Machine,2010,https://boxd.it/1zIS,3.5
2024-04-26,Capitalism: A Love Story,2009,https://boxd.it/1B62,4
2024-04-26,Shrek,2001,https://boxd.it/29zi,4.5
2024-04-26,Cube,1997,https://boxd.it/2aoU,4
2024-04-26,Date Night,2010,https://boxd.it/2l5a,2
2024-04-26,We Need to Talk About Kevin,2011,https://boxd.it/2pTS,4
2024-04-26,Broken City,2013,https://boxd.it/3odo,3
2024-04-26,This Is the End,2013,https://boxd.it/3GB4,4
2024-04-26,A Parks and Recreation Special,2020,https://boxd.it/q1k8,4
2024-04-26,"Confess, Fletch",2022,https://boxd.it/ra9K,3.5
2024-04-26,Scenes from a Marriage,2021,https://boxd.it/wzSU,4.5
2024-04-26,Labios De Miel,2021,https://boxd.it/wQXi,4
2024-04-26,Rise of the Planet of the Apes,2011,https://boxd.it/cS4,4
2024-04-26,Warrior,2011,https://boxd.it/i3G,4
2024-04-26,Kung Fu Panda 2,2011,https://boxd.it/G36,4
2024-04-26,The Loved Ones,2009,https://boxd.it/NdC,3.5
2024-04-26,Animal Kingdom,2010,https://boxd.it/Ru8,4
2024-04-26,Devil,2010,https://boxd.it/SX6,3
2024-04-26,50/50,2011,https://boxd.it/10Tw,4
2024-04-26,The Social Network,2010,https://boxd.it/17ue,4.5
2024-04-26,Defendor,2009,https://boxd.it/1diI,3.5
2024-04-26,Harry Brown,2009,https://boxd.it/1uNy,4
2024-04-26,The Cove,2009,https://boxd.it/1zCq,4.5
2024-04-26,Despicable Me,2010,https://boxd.it/1DD8,4
2024-04-26,"Food, Inc.",2008,https://boxd.it/1GGY,4.5
2024-04-26,The Iron Giant,1999,https://boxd.it/1Wow,4
2024-04-26,Rounders,1998,https://boxd.it/1WMS,4
2024-04-26,Treasure Planet,2002,https://boxd.it/1Znm,3.5
2024-04-26,The Matrix,1999,https://boxd.it/2a1m,4.5
2024-04-26,Iron Man 3,2013,https://boxd.it/2cBQ,3.5
2024-04-26,Gangster Squad,2013,https://boxd.it/2TVa,3
2024-04-26,The Irishman,2019,https://boxd.it/dYOq,4
2024-04-26,Reptile,2023,https://boxd.it/wKjc,3
2024-04-26,The Day of the White Lotus,2022,https://boxd.it/ATQW,4
2024-04-26,Gen V - Prime Premiere,2023,https://boxd.it/IOUK,4
2024-04-26,The Great Gatsby,2013,https://boxd.it/JY,4
2024-04-26,Total Recall,2012,https://boxd.it/Ro,3.5
2024-04-26,Dredd,2012,https://boxd.it/GZE,3.5
2024-04-26,The Dark Knight Rises,2012,https://boxd.it/H3m,4.5
2024-04-26,The Adjustment Bureau,2011,https://boxd.it/16T8,3.5
2024-04-26,Ip Man 2,2010,https://boxd.it/18gs,4
2024-04-26,Chloe,2009,https://boxd.it/1pZk,3
2024-04-26,The Other Guys,2010,https://boxd.it/1rtq,3.5
2024-04-26,The Road to El Dorado,2000,https://boxd.it/1W6s,3.5
2024-04-26,Pitch Black,2000,https://boxd.it/26iS,3.5
2024-04-26,The Talented Mr. Ripley,1999,https://boxd.it/2924,3.5
2024-04-26,Pi,1998,https://boxd.it/2ajq,3.5
2024-04-26,The Hunger Games,2012,https://boxd.it/2uds,3.5
2024-04-26,We Bought a Zoo,2011,https://boxd.it/2AU8,4
2024-04-26,Cloud Atlas,2012,https://boxd.it/2W60,4
2024-04-26,Rubicon,1997,https://boxd.it/6ICa,4
2024-04-26,Black Mass,2015,https://boxd.it/7K2g,3.5
2024-04-26,Beasts of No Nation,2015,https://boxd.it/8Lp8,4
2024-04-26,Women Talking,2022,https://boxd.it/tdq4,3.5
2024-04-26,The Curse,2023,https://boxd.it/IWYq,3.5
2024-04-26,Senna,2010,https://boxd.it/kfE,4.5
2024-04-26,Star Trek Into Darkness,2013,https://boxd.it/uYE,4
2024-04-26,Unknown,2011,https://boxd.it/JbW,3.5
2024-04-26,Rio,2011,https://boxd.it/NKc,3.5
2024-04-26,Hesher,2010,https://boxd.it/QYG,4
2024-04-26,True Grit,2010,https://boxd.it/Sog,4
2024-04-26,Winter's Bone,2010,https://boxd.it/14FI,3.5
2024-04-26,Transformers: Dark of the Moon,2011,https://boxd.it/16aC,3
2024-04-26,Big Daddy,1999,https://boxd.it/1ZkW,3.5
2024-04-26,The Insider,1999,https://boxd.it/1ZoE,4
2024-04-26,Training Day,2001,https://boxd.it/27A4,4
2024-04-26,Mad Max: Fury Road,2015,https://boxd.it/2DjO,4
2024-04-26,Taken 2,2012,https://boxd.it/2TWi,3
2024-04-26,Prisoners,2013,https://boxd.it/4E5i,4
2024-04-26,Straight Outta Compton,2015,https://boxd.it/8rMc,4
2024-04-26,It,2017,https://boxd.it/bC8e,4
2024-04-26,The Night Manager,2016,https://boxd.it/dsfS,4.5
2024-04-26,Our Ladies,2019,https://boxd.it/ndEe,4.5
2024-04-26,Dumb Money,2023,https://boxd.it/tNdU,3.5
2024-04-26,The Outfit,2022,https://boxd.it/u6Eq,4
2024-04-26,The Pale Blue Eye,2022,https://boxd.it/u8tk,3.5
2024-04-26,Monsters University,2013,https://boxd.it/bQm,3.5
2024-04-26,Attack the Block,2011,https://boxd.it/hFO,3.5
2024-04-26,The Way,2010,https://boxd.it/hZY,4
2024-04-26,Bridesmaids,2011,https://boxd.it/rac,4
2024-04-26,Stake Land,2010,https://boxd.it/A1S,3.5
2024-04-26,The Help,2011,https://boxd.it/EDm,4
2024-04-26,Gravity,2013,https://boxd.it/GZY,4
2024-04-26,Killer Elite,2011,https://boxd.it/H40,3
2024-04-26,The Next Three Days,2010,https://boxd.it/UdE,4
2024-04-26,Buried,2010,https://boxd.it/1tXC,4
2024-04-26,American Psycho,2000,https://boxd.it/28Vs,4
2024-04-26,Spider-Man,2002,https://boxd.it/2a8i,4
2024-04-26,Hot Coffee,2011,https://boxd.it/2dUk,4
2024-04-26,Prometheus,2012,https://boxd.it/2s9e,4
2024-04-26,Goon,2011,https://boxd.it/2B6o,3.5
2024-04-26,Rise of the Guardians,2012,https://boxd.it/2PXw,3.5
2024-04-26,Mute,2018,https://boxd.it/e6nW,2.5
2024-04-26,No One Will Save You,2023,https://boxd.it/uUO6,3.5
2024-04-26,BEEF,2023,https://boxd.it/FPsm,4.5
2024-04-26,Love & Death,2023,https://boxd.it/Gdw8,3.5
2024-04-26,The King's Speech,2010,https://boxd.it/dX0,4
2024-04-26,Sherlock Holmes: A Game of Shadows,2011,https://boxd.it/k3S,4
2024-04-26,Horrible Bosses,2011,https://boxd.it/Ba2,3.5
2024-04-26,Premium Rush,2012,https://boxd.it/FQw,3
2024-04-26,Trust,2010,https://boxd.it/QIy,4
2024-04-26,127 Hours,2010,https://boxd.it/SLa,4.5
2024-04-26,Futurama: Bender's Big Score,2007,https://boxd.it/215Y,4.5
2024-04-26,Elysium,2013,https://boxd.it/2cBm,3.5
2024-04-26,The Raven,2012,https://boxd.it/2twS,3
2024-04-26,The Lorax,2012,https://boxd.it/2w9M,3.5
2024-04-26,Oblivion,2013,https://boxd.it/2Bzq,3.5
2024-04-26,Contraband,2012,https://boxd.it/2Hj4,3
2024-04-26,Captain Phillips,2013,https://boxd.it/3GPK,3.5
2024-04-26,The Lego Movie,2014,https://boxd.it/4pDO,4
2024-04-26,Life,2009,https://boxd.it/6yCk,4.5
2024-04-26,Misfits,2015,https://boxd.it/b8EY,4
2024-04-26,Life of Crime: 1984-2020,2021,https://boxd.it/wg9m,4
2024-04-26,Emily the Criminal,2022,https://boxd.it/wBOq,3.5
2024-04-26,Swarm,2023,https://boxd.it/FIFe,3.5
2024-04-26,Drops of God,2023,https://boxd.it/GY3M,4
2024-04-26,All the Light We Cannot See,2023,https://boxd.it/Jism,3.5
2024-04-26,The Girl with the Dragon Tattoo,2011,https://boxd.it/2Pa,4
2024-04-26,War Horse,2011,https://boxd.it/nf8,4
2024-04-26,Another Earth,2011,https://boxd.it/rRA,4
2024-04-26,The Secret World of Arrietty,2010,https://boxd.it/AF4,4
2024-04-26,"Crazy, Stupid, Love.",2011,https://boxd.it/D9A,3.5
2024-04-26,I Saw the Devil,2010,https://boxd.it/FaK,4
2024-04-26,Man on a Ledge,2012,https://boxd.it/FQm,3.5
2024-04-26,Insidious,2010,https://boxd.it/H4k,3.5
2024-04-26,A Dangerous Method,2011,https://boxd.it/IYo,3.5
2024-04-26,Catfish,2010,https://boxd.it/Xfy,3.5
2024-04-26,Gasland,2010,https://boxd.it/11eu,4
2024-04-26,Exit Through the Gift Shop,2010,https://boxd.it/13E0,4.5
2024-04-26,Act of Valor,2012,https://boxd.it/2BCa,3
2024-04-26,The Devil Inside,2012,https://boxd.it/2DFU,1.5
2024-04-26,"Jeff, Who Lives at Home",2011,https://boxd.it/2TjU,3.5
2024-04-26,Maleficent,2014,https://boxd.it/3v1u,3.5
2024-04-26,Knock at the Cabin,2023,https://boxd.it/npL2,3
2024-04-26,The Fall of the House of Usher,2023,https://boxd.it/IWYg,4
2024-04-26,The Woman in Black,2012,https://boxd.it/4wu,3
2024-04-26,Our Idiot Brother,2011,https://boxd.it/hac,3.5
2024-04-26,This Means War,2012,https://boxd.it/hba,3
2024-04-26,Safe House,2012,https://boxd.it/hbk,3.5
2024-04-26,Fast Five,2011,https://boxd.it/BgO,3.5
2024-04-26,Margin Call,2011,https://boxd.it/CJ8,3.5
2024-04-26,In Time,2011,https://boxd.it/FPS,3.5
2024-04-26,Contagion,2011,https://boxd.it/13rq,3
2024-04-26,Cast Away,2000,https://boxd.it/20i8,4
2024-04-26,Behind Enemy Lines,2001,https://boxd.it/20GY,3.5
2024-04-26,Oz the Great and Powerful,2013,https://boxd.it/2cAI,4
2024-04-26,Ted,2012,https://boxd.it/2pgc,3.5
2024-04-26,Headhunters,2011,https://boxd.it/2sWA,4
2024-04-26,Kon-Tiki,2012,https://boxd.it/2sX4,3.5
2024-04-26,The Grey,2011,https://boxd.it/2xZE,4
2024-04-26,Avatar: The Way of Water,2022,https://boxd.it/2E2E,4
2024-04-26,Savages,2012,https://boxd.it/2Tl2,3.5
2024-04-26,Edge of Tomorrow,2014,https://boxd.it/4pD0,4
2024-04-26,The Drop,2014,https://boxd.it/4Rrc,3.5
2024-04-26,The Forever Prisoner,2021,https://boxd.it/y4wW,3.5
2024-04-26,Fire of Love,2022,https://boxd.it/yoPY,3.5
2024-04-26,Take Shelter,2011,https://boxd.it/DQ,4
2024-04-26,Super 8,2011,https://boxd.it/dVI,3.5
2024-04-26,Wrath of the Titans,2012,https://boxd.it/nlU,2.5
2024-04-26,The Limey,1999,https://boxd.it/1Woc,3.5
2024-04-26,The Beach,2000,https://boxd.it/27T6,3.5
2024-04-26,The Sixth Sense,1999,https://boxd.it/29Js,4
2024-04-26,The Killing,1956,https://boxd.it/2aMi,4
2024-04-26,The Lord of the Rings: The Two Towers,2002,https://boxd.it/2b5E,5
2024-04-26,Pacific Rim,2013,https://boxd.it/2cB2,3
2024-04-26,Snowtown,2011,https://boxd.it/2f1Q,3
2024-04-26,Safe,2012,https://boxd.it/2oxc,3.5
2024-04-26,Detachment,2011,https://boxd.it/2BiY,4
2024-04-26,Now You See Me,2013,https://boxd.it/2Bsu,4
2024-04-26,How to Train Your Dragon 2,2014,https://boxd.it/2TRW,4
2024-04-26,Deadfall,2012,https://boxd.it/3n3i,3.5
2024-04-26,The Man from U.N.C.L.E.,2015,https://boxd.it/67lG,4
2024-04-26,The Armstrong Lie,2013,https://boxd.it/6ny2,3.5
2024-04-26,The Revenant,2015,https://boxd.it/8H5e,4.5
2024-04-26,Tallulah,2016,https://boxd.it/bUm4,3
2024-04-26,Killing Them Softly,2012,https://boxd.it/IQ,3
2024-04-26,The Trip,2010,https://boxd.it/6Bc,3.5
2024-04-26,POM Wonderful Presents: The Greatest Movie Ever Sold,2011,https://boxd.it/kg8,3
2024-04-26,Gladiator,2000,https://boxd.it/2b9m,4.5
2024-04-26,Carnage,2011,https://boxd.it/2peU,3.5
2024-04-26,Piranha 3DD,2012,https://boxd.it/2qow,1
2024-04-26,Killer Joe,2011,https://boxd.it/2vtQ,3
2024-04-26,Shame,2011,https://boxd.it/2CxU,3.5
2024-04-26,The Expendables 2,2012,https://boxd.it/2CPE,3.5
2024-04-26,Chronicle,2012,https://boxd.it/2Emk,4
2024-04-26,Moonrise Kingdom,2012,https://boxd.it/2Wng,4
2024-04-26,Sound of My Voice,2011,https://boxd.it/34U8,3.5
2024-04-26,Bernie,2011,https://boxd.it/3eWe,3.5
2024-04-26,Despicable Me 2,2013,https://boxd.it/3gg0,3.5
2024-04-26,Snowpiercer,2013,https://boxd.it/3Icg,3.5
2024-04-26,We're the Millers,2013,https://boxd.it/4srQ,3
2024-04-26,The Way Way Back,2013,https://boxd.it/4Gwq,3.5
2024-04-26,The Spectacular Now,2013,https://boxd.it/4VSG,4
2024-04-26,The Diplomat,2015,https://boxd.it/b0nA,4
2024-04-26,The Wonderful Story of Henry Sugar,2023,https://boxd.it/yNyo,4
2024-04-26,The Perfect Storm,2000,https://boxd.it/27n0,3.5
2024-04-26,Phone Booth,2002,https://boxd.it/285G,3.5
2024-04-26,Almost Famous,2000,https://boxd.it/29CQ,4
2024-04-26,Finding Forrester,2000,https://boxd.it/29KK,3.5
2024-04-26,Minority Report,2002,https://boxd.it/2aWi,4
2024-04-26,Django Unchained,2012,https://boxd.it/2cCk,4.5
2024-04-26,Bobby Fischer Against the World,2011,https://boxd.it/2eGo,3.5
2024-04-26,End of Watch,2012,https://boxd.it/2F5O,4
2024-04-26,Wreck-It Ralph,2012,https://boxd.it/2TTS,4
2024-04-26,The Place Beyond the Pines,2012,https://boxd.it/3mDu,4
2024-04-26,Zero Dark Thirty,2012,https://boxd.it/3n1w,3.5
2024-04-26,Captain America: The Winter Soldier,2014,https://boxd.it/3r58,3.5
2024-04-26,Homeland,2010,https://boxd.it/4iaA,4
2024-04-26,Divergent,2014,https://boxd.it/4VT0,3.5
2024-04-26,American Hustle,2013,https://boxd.it/5dz8,3.5
2024-04-26,Inherent Vice,2014,https://boxd.it/5hla,3.5
2024-04-26,Stonehearst Asylum,2014,https://boxd.it/6dMI,3
2024-04-26,Southpaw,2015,https://boxd.it/9Phu,3.5
2024-04-26,Gone in Sixty Seconds,2000,https://boxd.it/1Y4y,4
2024-04-26,Trance,2013,https://boxd.it/2cAS,3.5
2024-04-26,Indie Game: The Movie,2012,https://boxd.it/2Nju,4
2024-04-26,Fast & Furious 6,2013,https://boxd.it/2UG6,3.5
2024-04-26,Seven Psychopaths,2012,https://boxd.it/34PW,4
2024-04-26,The Raid,2011,https://boxd.it/3hBy,4
2024-04-26,The Hunger Games: Catching Fire,2013,https://boxd.it/3sAw,4
2024-04-26,The Amazing Spider-Man 2,2014,https://boxd.it/3utM,3
2024-04-26,Mud,2012,https://boxd.it/3wPA,4
2024-04-26,Song of the Sea,2014,https://boxd.it/3Ic6,4.5
2024-04-26,X-Men: Days of Future Past,2014,https://boxd.it/4aRw,4
2024-04-26,The Hunger Games: Mockingjay – Part 2,2015,https://boxd.it/4hk0,2.5
2024-04-26,The Hunger Games: Mockingjay – Part 1,2014,https://boxd.it/4hka,3
2024-04-26,Band of Brothers,2001,https://boxd.it/aRNY,5
2024-04-26,Blade Runner 2049,2017,https://boxd.it/b8wK,4.5
2024-04-26,Ford v Ferrari,2019,https://boxd.it/ce74,4
2024-04-26,The Hitman's Bodyguard,2017,https://boxd.it/dCmO,3.5
2024-04-26,The Batman,2022,https://boxd.it/eDGs,4
2024-04-26,The Bank Job,2008,https://boxd.it/1ZL4,3.5
2024-04-26,"Monsters, Inc.",2001,https://boxd.it/2a46,4.5
2024-04-26,Snatch,2000,https://boxd.it/2b7U,4
2024-04-26,12 Years a Slave,2013,https://boxd.it/2D2e,4
2024-04-26,Thor: The Dark World,2013,https://boxd.it/2DqA,3.5
2024-04-26,Into the Abyss,2011,https://boxd.it/2G0g,4
2024-04-26,Robot & Frank,2012,https://boxd.it/2Y4g,4
2024-04-26,Rush,2013,https://boxd.it/3lyS,4.5
2024-04-26,Holy Motors,2012,https://boxd.it/3wai,3.5
2024-04-26,The Good Dinosaur,2015,https://boxd.it/3AD4,3.5
2024-04-26,Side Effects,2013,https://boxd.it/3GA6,4
2024-04-26,Cloudy with a Chance of Meatballs 2,2013,https://boxd.it/3GMw,3
2024-04-26,Side by Side,2012,https://boxd.it/3Ijm,4
2024-04-26,Guardians of the Galaxy,2014,https://boxd.it/3VH2,4.5
2024-04-26,Resolution,2012,https://boxd.it/41hY,3.5
2024-04-26,The Wind Rises,2013,https://boxd.it/4JQS,4
2024-04-26,Tomorrowland,2015,https://boxd.it/4YaC,3
2024-04-26,The Imitation Game,2014,https://boxd.it/6aig,4
2024-04-26,Toy Story 4,2019,https://boxd.it/9ALu,4
2024-04-26,War Dogs,2016,https://boxd.it/9SlO,3.5
2024-04-26,Steve Jobs,2015,https://boxd.it/araG,3.5
2024-04-26,Grass,1999,https://boxd.it/1Bbc,3.5
2024-04-26,Awake,2007,https://boxd.it/1Q54,3.5
2024-04-26,Remember the Titans,2000,https://boxd.it/1VLk,4
2024-04-26,Unbreakable,2000,https://boxd.it/1XV2,4
2024-04-26,Hannibal,2001,https://boxd.it/1XVc,4
2024-04-26,Road Trip,2000,https://boxd.it/1Z4a,3.5
2024-04-26,The Cell,2000,https://boxd.it/1ZLS,3
2024-04-26,Gangs of New York,2002,https://boxd.it/25FG,4
2024-04-26,Meet the Parents,2000,https://boxd.it/28vE,3.5
2024-04-26,Enemy at the Gates,2001,https://boxd.it/29s2,4
2024-04-26,Memento,2000,https://boxd.it/2bcK,4.5
2024-04-26,Dawn of the Planet of the Apes,2014,https://boxd.it/3XyQ,4
2024-04-26,Saving Mr. Banks,2013,https://boxd.it/4vIq,4
2024-04-26,The 100 Year-Old Man Who Climbed Out the Window and Disappeared,2013,https://boxd.it/4CHE,3.5
2024-04-26,Inside Out,2015,https://boxd.it/4KHC,4.5
2024-04-26,The Kings of Summer,2013,https://boxd.it/4V3e,3.5
2024-04-26,Self/less,2015,https://boxd.it/71yw,3.5
2024-04-26,Theater Camp,2023,https://boxd.it/Bfbm,4
2024-04-26,Tiny Beautiful Things,2023,https://boxd.it/FYIS,3.5
2024-04-26,The Score,2001,https://boxd.it/1U0C,3.5
2024-04-26,Atlantis: The Lost Empire,2001,https://boxd.it/1Vck,3.5
2024-04-26,Pay It Forward,2000,https://boxd.it/1VJI,4
2024-04-26,Blow,2001,https://boxd.it/24Mm,4
2024-04-26,Insidious: Chapter 2,2013,https://boxd.it/3dqc,3
2024-04-26,Frozen,2013,https://boxd.it/3GNa,4
2024-04-26,The Grand Budapest Hotel,2014,https://boxd.it/3ZqO,4.5
2024-04-26,Finding Dory,2016,https://boxd.it/4aAA,4
2024-04-26,Calvary,2014,https://boxd.it/4WE6,3.5
2024-04-26,Big Hero 6,2014,https://boxd.it/5rje,4
2024-04-26,22 Jump Street,2014,https://boxd.it/5Fvy,3.5
2024-04-26,Gone Girl,2014,https://boxd.it/6hQu,4.5
2024-04-26,Wild,2014,https://boxd.it/6KQo,4
2024-04-26,Spider-Man: Homecoming,2017,https://boxd.it/aboM,4
2024-04-26,Altered Carbon: Resleeved,2020,https://boxd.it/oLbW,4
2024-04-26,Defending Jacob,2020,https://boxd.it/q2VE,3.5
2024-04-26,BlackBerry,2023,https://boxd.it/CoVK,4
2024-04-26,Priscilla,2023,https://boxd.it/Cz3k,3.5
2024-04-26,The Fast and the Furious,2001,https://boxd.it/1XMu,3.5
2024-04-26,Swordfish,2001,https://boxd.it/1Y0m,3.5
2024-04-26,Equilibrium,2002,https://boxd.it/211s,4
2024-04-26,The Others,2001,https://boxd.it/27Po,4
2024-04-26,Harry Potter and the Philosopher's Stone,2001,https://boxd.it/29QS,3.5
2024-04-26,The Matrix Reloaded,2003,https://boxd.it/2a1c,3.5
2024-04-26,Spirited Away,2001,https://boxd.it/2b4m,4.5
2024-04-26,The Hobbit: The Battle of the Five Armies,2014,https://boxd.it/43aU,3.5
2024-04-26,Oculus,2013,https://boxd.it/4W9M,3.5
2024-04-26,Mission: Impossible – Rogue Nation,2015,https://boxd.it/5rI4,3.5
2024-04-26,Blue Ruin,2013,https://boxd.it/5H8G,3.5
2024-04-26,Predestination,2014,https://boxd.it/6bJM,3
2024-04-26,Life Itself,2014,https://boxd.it/7lqC,4
2024-04-26,A Girl Walks Home Alone at Night,2014,https://boxd.it/7nZE,3.5
2024-04-26,Atomic Blonde,2017,https://boxd.it/blDk,3.5
2024-04-26,Coco,2017,https://boxd.it/bYJQ,4.5
2024-04-26,The Night Of,2016,https://boxd.it/eC1I,4.5
2024-04-26,Reality,2023,https://boxd.it/BeLI,3.5
2024-04-26,Super Troopers,2001,https://boxd.it/12Rs,4
2024-04-26,Rat Race,2001,https://boxd.it/1XAo,3.5
2024-04-26,Shallow Hal,2001,https://boxd.it/1XBm,3
2024-04-26,John Q,2002,https://boxd.it/205S,3.5
2024-04-26,Panic Room,2002,https://boxd.it/2490,3.5
2024-04-26,The Bourne Identity,2002,https://boxd.it/26EO,4
2024-04-26,The Devil's Backbone,2001,https://boxd.it/28Li,3.5
2024-04-26,The Experiment,2001,https://boxd.it/2a5I,4
2024-04-26,Donnie Darko,2001,https://boxd.it/2b2A,4
2024-04-26,Amores Perros,2000,https://boxd.it/2bfu,4.5
2024-04-26,Star Wars: The Force Awakens,2015,https://boxd.it/4vru,4
2024-04-26,The Tale of The Princess Kaguya,2013,https://boxd.it/4JQI,4
2024-04-26,Blackfish,2013,https://boxd.it/4Ym4,4
2024-04-26,Narco Cultura,2013,https://boxd.it/4Yo0,3.5
2024-04-26,Birdman or (The Unexpected Virtue of Ignorance),2014,https://boxd.it/5RFA,4.5
2024-04-26,Starred Up,2013,https://boxd.it/6fRq,3.5
2024-04-26,The Fault in Our Stars,2014,https://boxd.it/6BQa,3.5
2024-04-26,Burnt,2015,https://boxd.it/9mVg,3.5
2024-04-26,Jojo Rabbit,2019,https://boxd.it/iEBG,4
2024-04-26,Kill Bill: Vol. 1,2003,https://boxd.it/70w,4
2024-04-26,TPB AFK: The Pirate Bay - Away from Keyboard,2013,https://boxd.it/E1M,3.5
2024-04-26,The Terror,1963,https://boxd.it/1iBU,3.5
2024-04-26,Jimmy Neutron: Boy Genius,2001,https://boxd.it/1RDm,3.5
2024-04-26,Session 9,2001,https://boxd.it/1UXu,3.5
2024-04-26,The Girl Next Door,2004,https://boxd.it/1VSq,3
2024-04-26,The Royal Tenenbaums,2001,https://boxd.it/1YHU,4
2024-04-26,Battle Royale,2000,https://boxd.it/25zS,4
2024-04-26,The Mothman Prophecies,2002,https://boxd.it/26xo,3.5
2024-04-26,Jay and Silent Bob Strike Back,2001,https://boxd.it/26ZM,3.5
2024-04-26,Spy Game,2001,https://boxd.it/28Fk,3.5
2024-04-26,Black Hawk Down,2001,https://boxd.it/29rI,4
2024-04-26,Catch Me If You Can,2002,https://boxd.it/29VS,4
2024-04-26,A Beautiful Mind,2001,https://boxd.it/2amk,4.5
2024-04-26,Ice Age,2002,https://boxd.it/2apS,4
2024-04-26,K-PAX,2001,https://boxd.it/2aYo,3.5
2024-04-26,Locke,2013,https://boxd.it/6hHC,4
2024-04-26,Fury,2014,https://boxd.it/6JwC,4
2024-04-26,Everest,2015,https://boxd.it/7r7Q,3.5
2024-04-26,Narcos,1992,https://boxd.it/blRG,4
2024-04-26,Sharp Objects,2018,https://boxd.it/j3NM,4
2024-04-26,Take Care of Maya,2023,https://boxd.it/GawY,3.5
2024-04-26,X2,2003,https://boxd.it/1a7i,4
2024-04-26,Owning Mahowny,2003,https://boxd.it/1MjG,3.5
2024-04-26,The Life of David Gale,2003,https://boxd.it/1Tq0,4
2024-04-26,Lilo & Stitch,2002,https://boxd.it/1TAY,4
2024-04-26,Red Dragon,2002,https://boxd.it/1Yrs,4
2024-04-26,Signs,2002,https://boxd.it/26t2,3.5
2024-04-26,The Butterfly Effect,2004,https://boxd.it/27M0,4
2024-04-26,Insomnia,2002,https://boxd.it/2aB0,4
2024-04-26,About a Boy,2002,https://boxd.it/2aMC,3.5
2024-04-26,T2 Trainspotting,2017,https://boxd.it/5vTA,4
2024-04-26,Nothing Bad Can Happen,2013,https://boxd.it/5I6G,3.5
2024-04-26,Kingsman: The Secret Service,2014,https://boxd.it/6dxe,4
2024-04-26,The One I Love,2014,https://boxd.it/77gy,3.5
2024-04-26,John Wick,2014,https://boxd.it/7dEc,3.5
2024-04-26,Ad Astra,2019,https://boxd.it/ePzI,2.5
2024-04-26,The Old Man & the Gun,2018,https://boxd.it/fd1q,4
2024-04-26,Dungeons & Dragons: Honor Among Thieves,2023,https://boxd.it/hN1A,3.5
2024-04-26,Old School,2003,https://boxd.it/1TmM,3.5
2024-04-26,Confidence,2003,https://boxd.it/1Vvm,3.5
2024-04-26,Shark Tale,2004,https://boxd.it/1VYe,3
2024-04-26,Bad Santa,2003,https://boxd.it/1WYk,3.5
2024-04-26,The Transporter,2002,https://boxd.it/24Nu,3.5
2024-04-26,Identity,2003,https://boxd.it/26e2,3.5
2024-04-26,Bowling for Columbine,2002,https://boxd.it/28Ls,4
2024-04-26,Finding Neverland,2004,https://boxd.it/29pW,4
2024-04-26,Harry Potter and the Prisoner of Azkaban,2004,https://boxd.it/29Qy,4
2024-04-26,Harry Potter and the Chamber of Secrets,2002,https://boxd.it/29QI,4
2024-04-26,The Ring,2002,https://boxd.it/2a70,3.5
2024-04-26,Wallace & Gromit: The Curse of the Were-Rabbit,2005,https://boxd.it/2ac0,3.5
2024-04-26,Bruce Almighty,2003,https://boxd.it/2aCC,3.5
2024-04-26,The Guest,2014,https://boxd.it/76RS,3
2024-04-26,Before I Disappear,2014,https://boxd.it/7qG6,4
2024-04-26,The Theory of Everything,2014,https://boxd.it/7YtA,4
2024-04-26,Zootopia,2016,https://boxd.it/84xS,4
2024-04-26,Olive Kitteridge,2014,https://boxd.it/91Yy,4
2024-04-26,Last Shift,2014,https://boxd.it/9nda,2.5
2024-04-26,Quarry,2015,https://boxd.it/dyAW,4
2024-04-26,The Wire,1996,https://boxd.it/nRUw,5
2024-04-26,Better Call Saul Presents: Slippin' Jimmy,2022,https://boxd.it/CjIQ,4.5
2024-04-26,Pirates of the Caribbean: The Curse of the Black Pearl,2003,https://boxd.it/70G,4
2024-04-26,Coraline,2009,https://boxd.it/1NhQ,4
2024-04-26,Radio,2003,https://boxd.it/1P8m,3.5
2024-04-26,Elf,2003,https://boxd.it/1VyK,3.5
2024-04-26,Freaky Friday,2003,https://boxd.it/1WwK,2.5
2024-04-26,The Incredibles,2004,https://boxd.it/1XLm,4
2024-04-26,The Italian Job,2003,https://boxd.it/1Y86,4
2024-04-26,Over the Hedge,2006,https://boxd.it/20QY,3.5
2024-04-26,Sahara,2005,https://boxd.it/20XK,3
2024-04-26,Matchstick Men,2003,https://boxd.it/215a,3.5
2024-04-26,Seabiscuit,2003,https://boxd.it/24iw,4
2024-04-26,Cars,2006,https://boxd.it/29ho,4
2024-04-26,Harry Potter and the Goblet of Fire,2005,https://boxd.it/29Qo,4.5
2024-04-26,The Wizard of Oz,1939,https://boxd.it/29Xu,4
2024-04-26,The Last Samurai,2003,https://boxd.it/29ZA,4
2024-04-26,City of God,2002,https://boxd.it/2a2a,4.5
2024-04-26,Spider-Man 2,2004,https://boxd.it/2a88,4
2024-04-26,Mystic River,2003,https://boxd.it/2aAG,4
2024-04-26,Fantastic Beasts and Where to Find Them,2016,https://boxd.it/7FPC,4
2024-04-26,Logan,2017,https://boxd.it/7Piy,4
2024-04-26,Little Women,2019,https://boxd.it/aSVk,4
2024-04-26,Eternal Sunshine of the Spotless Mind,2004,https://boxd.it/6YK,4
2024-04-26,The Cat Returns,2002,https://boxd.it/1Mne,3.5
2024-04-26,The SpongeBob SquarePants Movie,2004,https://boxd.it/1SYq,3.5
2024-04-26,The Notebook,2004,https://boxd.it/1UNE,4
2024-04-26,Cellular,2004,https://boxd.it/1XSC,3.5
2024-04-26,Paycheck,2003,https://boxd.it/1YdA,3.5
2024-04-26,Waiting...,2005,https://boxd.it/20Pw,3.5
2024-04-26,The Polar Express,2004,https://boxd.it/23am,4
2024-04-26,Howl's Moving Castle,2004,https://boxd.it/23De,4
2024-04-26,"I, Robot",2004,https://boxd.it/27y8,3.5
2024-04-26,50 First Dates,2004,https://boxd.it/285c,3.5
2024-04-26,School of Rock,2003,https://boxd.it/28xK,4
2024-04-26,Live Free or Die Hard,2007,https://boxd.it/28zQ,4
2024-04-26,Superman Returns,2006,https://boxd.it/28J2,3
2024-04-26,The Good Shepherd,2006,https://boxd.it/291g,3.5
2024-04-26,Troy,2004,https://boxd.it/29TW,4
2024-04-26,Garden State,2004,https://boxd.it/2asW,3.5
2024-04-26,The Hateful Eight,2015,https://boxd.it/8gw8,4
2024-04-26,Sicario,2015,https://boxd.it/8i7u,4
2024-04-26,War for the Planet of the Apes,2017,https://boxd.it/8FE2,3.5
2024-04-26,Still Alice,2014,https://boxd.it/8Nhq,3.5
2024-04-26,The Walk,2015,https://boxd.it/8Rao,4
2024-04-26,Earthlings,2005,https://boxd.it/1lJM,4
2024-04-26,The Box,2009,https://boxd.it/1zZO,2.5
2024-04-26,Inglourious Basterds,2009,https://boxd.it/1JzG,4.5
2024-04-26,Ladder 49,2004,https://boxd.it/1Uzi,3.5
2024-04-26,EuroTrip,2004,https://boxd.it/1YTQ,3.5
2024-04-26,Anchorman: The Legend of Ron Burgundy,2004,https://boxd.it/1ZVo,4
2024-04-26,The Machinist,2004,https://boxd.it/248c,4
2024-04-26,The Brothers Grimm,2005,https://boxd.it/24kW,2.5
2024-04-26,Fahrenheit 9/11,2004,https://boxd.it/28a2,4
2024-04-26,Ray,2004,https://boxd.it/28km,4
2024-04-26,Madagascar,2005,https://boxd.it/29dc,3.5
2024-04-26,Mr. & Mrs. Smith,2005,https://boxd.it/29CG,4
2024-04-26,The Terminal,2004,https://boxd.it/2a2O,4
2024-04-26,The Life Aquatic with Steve Zissou,2004,https://boxd.it/2aqw,3.5
2024-04-26,King Kong,2005,https://boxd.it/2aLa,4
2024-04-26,Ocean's Twelve,2004,https://boxd.it/2aZ2,3.5
2024-04-26,Walk the Line,2005,https://boxd.it/2bdS,4
2024-04-26,The Secret Life of Walter Mitty,2013,https://boxd.it/3SWy,4
2024-04-26,Incredibles 2,2018,https://boxd.it/7IPg,4.5
2024-04-26,Moana,2016,https://boxd.it/8tfY,4
2024-04-26,Thor: Ragnarok,2017,https://boxd.it/8MHi,4
2024-04-26,American Made,2017,https://boxd.it/bb66,3
2024-04-26,The Manchurian Candidate,2004,https://boxd.it/1O2M,3.5
2024-04-26,Chicken Little,2005,https://boxd.it/1Xnu,3
2024-04-26,The Jacket,2005,https://boxd.it/1Y6a,4
2024-04-26,The Village,2004,https://boxd.it/21iS,3.5
2024-04-26,Team America: World Police,2004,https://boxd.it/24QS,3.5
2024-04-26,The Bourne Supremacy,2004,https://boxd.it/26EE,4
2024-04-26,National Treasure,2004,https://boxd.it/27x0,3.5
2024-04-26,Elephant,2003,https://boxd.it/287i,3.5
2024-04-26,Iron Man,2008,https://boxd.it/28dA,4
2024-04-26,Secret Window,2004,https://boxd.it/28xq,3.5
2024-04-26,Collateral,2004,https://boxd.it/28F0,4
2024-04-26,Hannibal Rising,2007,https://boxd.it/2916,3.5
2024-04-26,Oldboy,2003,https://boxd.it/29R2,4.5
2024-04-26,"The Chronicles of Narnia: The Lion, the Witch and the Wardrobe",2005,https://boxd.it/2ark,4
2024-04-26,Indiana Jones and the Kingdom of the Crystal Skull,2008,https://boxd.it/2aR8,3.5
2024-04-26,Charlie and the Chocolate Factory,2005,https://boxd.it/2b68,3.5
2024-04-26,Jurassic World,2015,https://boxd.it/4n0g,3.5
2024-04-26,Mr. Dynamite: The Rise of James Brown,2014,https://boxd.it/9r2A,3
2024-04-26,Elle,2016,https://boxd.it/bdhq,4
2024-04-26,The Dig,2021,https://boxd.it/jo2i,3.5
2024-04-26,X-Men: The Last Stand,2006,https://boxd.it/1a5Q,3.5
2024-04-26,Casino Royale,2006,https://boxd.it/1alk,4.5
2024-04-26,Astro Boy,2009,https://boxd.it/1JVW,3
2024-04-26,Cocaine Cowboys,2006,https://boxd.it/1Nr2,4
2024-04-26,Mean Creek,2004,https://boxd.it/1S7c,3.5
2024-04-26,The Amityville Horror,2005,https://boxd.it/1Xb4,3
2024-04-26,The Lovely Bones,2009,https://boxd.it/20IA,3
2024-04-26,Kiss Kiss Bang Bang,2005,https://boxd.it/23c8,4
2024-04-26,3:10 to Yuma,2007,https://boxd.it/23g0,4
2024-04-26,Layer Cake,2004,https://boxd.it/23LC,4
2024-04-26,The Yes Men,2003,https://boxd.it/25t6,3.5
2024-04-26,Ratatouille,2007,https://boxd.it/27ww,4
2024-04-26,Crash,2004,https://boxd.it/28q0,4.5
2024-04-26,Harry Potter and the Order of the Phoenix,2007,https://boxd.it/29Qe,4
2024-04-26,The Da Vinci Code,2006,https://boxd.it/2a3i,4
2024-04-26,Silent Hill,2006,https://boxd.it/2a3C,3.5
2024-04-26,Batman Begins,2005,https://boxd.it/2aIg,4.5
2024-04-26,Open Water,2003,https://boxd.it/2bbM,2
2024-04-26,Pirates of the Caribbean: Dead Man's Chest,2006,https://boxd.it/2bfk,3.5
2024-04-26,Hustle,2004,https://boxd.it/4T0M,4.5
2024-04-26,The Nice Guys,2016,https://boxd.it/94Hg,4
2024-04-26,Drone,2014,https://boxd.it/9rCo,3.5
2024-04-26,Primer,2004,https://boxd.it/6YA,4
2024-04-26,Where the Wild Things Are,2009,https://boxd.it/1K0C,4
2024-04-26,Friday Night Lights,2004,https://boxd.it/1Qdi,3.5
2024-04-26,It's All Gone Pete Tong,2004,https://boxd.it/1Sww,4
2024-04-26,Miracle on 34th Street,1947,https://boxd.it/1SRu,4
2024-04-26,Wedding Crashers,2005,https://boxd.it/1Yte,3.5
2024-04-26,Super Size Me,2004,https://boxd.it/1YQC,4
2024-04-26,Click,2006,https://boxd.it/1YVM,3.5
2024-04-26,Brick,2005,https://boxd.it/1Z6A,3.5
2024-04-26,Idiocracy,2006,https://boxd.it/20RW,3.5
2024-04-26,Coach Carter,2005,https://boxd.it/218e,3
2024-04-26,Bee Movie,2007,https://boxd.it/22Vw,3
2024-04-26,30 Days of Night,2007,https://boxd.it/24dw,4
2024-04-26,Sicko,2007,https://boxd.it/26Sm,4
2024-04-26,The Golden Compass,2007,https://boxd.it/272Q,3.5
2024-04-26,The Constant Gardener,2005,https://boxd.it/27HE,3.5
2024-04-26,The Grudge,2004,https://boxd.it/27Jq,3
2024-04-26,It's a Wonderful Life,1946,https://boxd.it/28xA,4
2024-04-26,Caché,2005,https://boxd.it/2amY,3.5
2024-04-26,Guardians of the Galaxy Vol. 2,2017,https://boxd.it/8MxC,3.5
2024-04-26,Baby Driver,2017,https://boxd.it/bhF2,4
2024-04-26,Leave No Trace,2018,https://boxd.it/fMfM,4
2024-04-26,Big Little Lies,2017,https://boxd.it/fYde,4.5
2024-04-26,Tangled,2010,https://boxd.it/15gO,4
2024-04-26,Youth in Revolt,2009,https://boxd.it/1AK6,3
2024-04-26,Eight Below,2006,https://boxd.it/1Zki,3
2024-04-26,The Exorcism of Emily Rose,2005,https://boxd.it/200I,3.5
2024-04-26,Æon Flux,2005,https://boxd.it/20vc,3
2024-04-26,Open Season,2006,https://boxd.it/20U2,3.5
2024-04-26,The Guardian,2006,https://boxd.it/240C,3.5
2024-04-26,Breach,2007,https://boxd.it/24JW,4
2024-04-26,A Scanner Darkly,2006,https://boxd.it/25jK,3.5
2024-04-26,The Island,2005,https://boxd.it/28qE,3.5
2024-04-26,Rope,1948,https://boxd.it/28yo,4.5
2024-04-26,Meet the Robinsons,2007,https://boxd.it/28Ym,3.5
2024-04-26,Bridge to Terabithia,2007,https://boxd.it/28YG,3.5
2024-04-26,Sin City,2005,https://boxd.it/2aVk,4.5
2024-04-26,War of the Worlds,2005,https://boxd.it/2bde,4
2024-04-26,Million Dollar Baby,2004,https://boxd.it/2bdI,4
2024-04-26,A History of Violence,2005,https://boxd.it/2bfa,4
2024-04-26,Maze Runner: The Scorch Trials,2015,https://boxd.it/9hwA,3
2024-04-26,The Tale,2018,https://boxd.it/cOkI,3.5
2024-04-26,The Nightingale,2018,https://boxd.it/e1Ga,3.5
2024-04-26,Jarhead,2005,https://boxd.it/70m,4
2024-04-26,Watchmen,2009,https://boxd.it/1QE4,4
2024-04-26,Dead Man's Shoes,2004,https://boxd.it/1R6C,3.5
2024-04-26,Flushed Away,2006,https://boxd.it/1Tpm,3.5
2024-04-26,Red Eye,2005,https://boxd.it/1TNy,3.5
2024-04-26,Flightplan,2005,https://boxd.it/1YZu,3.5
2024-04-26,The Curious Case of Benjamin Button,2008,https://boxd.it/23Fk,4
2024-04-26,Hot Fuzz,2007,https://boxd.it/2416,4
2024-04-26,Hard Candy,2005,https://boxd.it/26vs,4
2024-04-26,Clerks II,2006,https://boxd.it/26ZC,4
2024-04-26,Transformers,2007,https://boxd.it/280c,4
2024-04-26,The Fountain,2006,https://boxd.it/28RU,4.5
2024-04-26,300,2006,https://boxd.it/28XI,4
2024-04-26,Shrek the Third,2007,https://boxd.it/29yY,3
2024-04-26,Harry Potter and the Half-Blood Prince,2009,https://boxd.it/29FU,4
2024-04-26,Munich,2005,https://boxd.it/2a0e,4
2024-04-26,Snakes on a Plane,2006,https://boxd.it/2aAw,3
2024-04-26,Cartel Land,2015,https://boxd.it/ahGW,3.5
2024-04-26,The Gift,2015,https://boxd.it/aJMy,3.5
2024-04-26,Widows,2018,https://boxd.it/e6gc,3.5
2024-04-26,The Last Duel,2021,https://boxd.it/mQbe,3
2024-04-26,I Know This Much Is True,2020,https://boxd.it/pVeo,4
2024-04-26,Real Steel,2011,https://boxd.it/147m,4
2024-04-26,The A-Team,2010,https://boxd.it/1dHS,3
2024-04-26,Shutter,2004,https://boxd.it/1JbY,3.5
2024-04-26,Role Models,2008,https://boxd.it/1MmK,3.5
2024-04-26,The Great Debaters,2007,https://boxd.it/1ORU,3.5
2024-04-26,Alice in Wonderland,1951,https://boxd.it/1Sz6,4.5
2024-04-26,Toy Story 3,2010,https://boxd.it/1WRe,4.5
2024-04-26,Thank You for Smoking,2005,https://boxd.it/1YOc,4
2024-04-26,Four Brothers,2005,https://boxd.it/20o6,3.5
2024-04-26,The Lookout,2007,https://boxd.it/20ru,4
2024-04-26,Harsh Times,2005,https://boxd.it/20L0,3.5
2024-04-26,August Rush,2007,https://boxd.it/23kQ,4
2024-04-26,The Kingdom,2007,https://boxd.it/24tY,3.5
2024-04-26,Strangers on a Train,1951,https://boxd.it/29tk,4.5
2024-04-26,Saw II,2005,https://boxd.it/2aRs,4
2024-04-26,Kubo and the Two Strings,2016,https://boxd.it/a4wE,4.5
2024-04-26,Weeds,2017,https://boxd.it/idcE,4
2024-04-26,Black Bird,2022,https://boxd.it/BCSe,4
2024-04-26,Horton Hears a Who!,2008,https://boxd.it/1SfA,4
2024-04-26,Death Race,2008,https://boxd.it/1W9m,3.5
2024-04-26,Vacancy,2007,https://boxd.it/1WBU,2.5
2024-04-26,Kung Fu Panda,2008,https://boxd.it/1Yws,4
2024-04-26,Hancock,2008,https://boxd.it/1Zv6,3
2024-04-26,"10,000 BC",2008,https://boxd.it/20NK,2.5
2024-04-26,1408,2007,https://boxd.it/25Vu,3
2024-04-26,The Bourne Ultimatum,2007,https://boxd.it/26Eu,4.5
2024-04-26,Beowulf,2007,https://boxd.it/26Xw,3
2024-04-26,16 Blocks,2006,https://boxd.it/27cc,3.5
2024-04-26,Zodiac,2007,https://boxd.it/27MO,4
2024-04-26,The Illusionist,2006,https://boxd.it/28H6,4
2024-04-26,Blood Diamond,2006,https://boxd.it/28Tm,4
2024-04-26,Babel,2006,https://boxd.it/292o,4
2024-04-26,Little Miss Sunshine,2006,https://boxd.it/29EW,4
2024-04-26,Borat: Cultural Learnings of America for Make Benefit Glorious Nation of Kazakhstan,2006,https://boxd.it/2agQ,4
2024-04-26,Pirates of the Caribbean: At World's End,2007,https://boxd.it/2aGu,3.5
2024-04-26,The Papal Chase,2004,https://boxd.it/47xy,4
2024-04-26,John Wick: Chapter 2,2017,https://boxd.it/ayGu,4
2024-04-26,Gifted,2017,https://boxd.it/e5dG,4
2024-04-26,Puss in Boots,2011,https://boxd.it/eL34,3.5
2024-04-26,The Simpsons Movie,2007,https://boxd.it/6YU,4
2024-04-26,The Great Buck Howard,2008,https://boxd.it/1Kre,3
2024-04-26,Bubble,2005,https://boxd.it/1No8,3
2024-04-26,The Fall,2006,https://boxd.it/1NoM,4.5
2024-04-26,Chaos Theory,2007,https://boxd.it/1R4G,3
2024-04-26,The Hills Have Eyes,2006,https://boxd.it/1XNC,4
2024-04-26,Flyboys,2006,https://boxd.it/1Y6E,3.5
2024-04-26,Déjà Vu,2006,https://boxd.it/20PQ,4
2024-04-26,National Treasure: Book of Secrets,2007,https://boxd.it/21rq,3.5
2024-04-26,X-Men Origins: Wolverine,2009,https://boxd.it/27ug,3.5
2024-04-26,Captain America: The First Avenger,2011,https://boxd.it/28b0,3.5
2024-04-26,28 Weeks Later,2007,https://boxd.it/28Bi,4
2024-04-26,The Pursuit of Happyness,2006,https://boxd.it/28PE,4
2024-04-26,Life of Pi,2012,https://boxd.it/37pC,4
2024-04-26,The Equalizer,2014,https://boxd.it/4TUK,3.5
2024-04-26,Stranger Things,2010,https://boxd.it/5xMG,4.5
2024-04-26,Prison Break,1938,https://boxd.it/78c8,4
2024-04-26,Grindhouse,2007,https://boxd.it/8RwY,4
2024-04-26,Unstoppable,2010,https://boxd.it/SVO,3
2024-04-26,The Mechanic,2011,https://boxd.it/1rtg,3.5
2024-04-26,State of Play,2009,https://boxd.it/1JnA,3.5
2024-04-26,9,2009,https://boxd.it/1Scm,4
2024-04-26,21,2008,https://boxd.it/20BO,4
2024-04-26,Smokin' Aces,2006,https://boxd.it/20Ri,3.5
2024-04-26,Juno,2007,https://boxd.it/210a,4
2024-04-26,No Country for Old Men,2007,https://boxd.it/21ew,4.5
2024-04-26,In the Valley of Elah,2007,https://boxd.it/21fa,4
2024-04-26,Charlie Wilson's War,2007,https://boxd.it/21yc,3.5
2024-04-26,Michael Clayton,2007,https://boxd.it/2466,4
2024-04-26,Shoot 'Em Up,2007,https://boxd.it/24LI,3.5
2024-04-26,Westworld,1973,https://boxd.it/26RS,4
2024-04-26,Rear Window,1954,https://boxd.it/2a6Q,4
2024-04-26,Dial M for Murder,1954,https://boxd.it/2adW,4
2024-04-26,It Comes at Night,2017,https://boxd.it/eLuk,4
2024-04-26,Unfriended: Dark Web,2018,https://boxd.it/ifs0,2.5
2024-04-26,Mr. Nobody,2009,https://boxd.it/1k44,4
2024-04-26,The Secret of Kells,2009,https://boxd.it/1sMI,4
2024-04-26,Who Killed the Electric Car?,2006,https://boxd.it/1Q1G,4
2024-04-26,Harold & Kumar Escape from Guantanamo Bay,2008,https://boxd.it/1QoU,3.5
2024-04-26,Pride and Glory,2008,https://boxd.it/1QIq,3.5
2024-04-26,Jackass Number Two,2006,https://boxd.it/1SyM,4
2024-04-26,This Is England,2006,https://boxd.it/1T44,4
2024-04-26,The Strangers,2008,https://boxd.it/1VGY,3
2024-04-26,Beerfest,2006,https://boxd.it/1XmG,3.5
2024-04-26,Disturbia,2007,https://boxd.it/20rk,3.5
2024-04-26,Jumper,2008,https://boxd.it/20ss,3.5
2024-04-26,I Am Legend,2007,https://boxd.it/21DG,3.5
2024-04-26,Fracture,2007,https://boxd.it/220K,4
2024-04-26,Knocked Up,2007,https://boxd.it/23yS,4
2024-04-26,The Number 23,2007,https://boxd.it/258C,3.5
2024-04-26,Stardust,2007,https://boxd.it/272w,4
2024-04-26,Ant-Man,2015,https://boxd.it/3vmW,3.5
2024-04-26,First They Killed My Father,2017,https://boxd.it/fmCK,4
2024-04-26,Guy Ritchie's The Covenant,2023,https://boxd.it/xjcK,4
2024-04-26,Avatar,2009,https://boxd.it/1Efm,4.5
2024-04-26,Wanted,2008,https://boxd.it/1ZBS,3.5
2024-04-26,Eagle vs Shark,2007,https://boxd.it/1ZSY,3.5
2024-04-26,The Chronicles of Narnia: Prince Caspian,2008,https://boxd.it/26Hy,3.5
2024-04-26,We Own the Night,2007,https://boxd.it/27F4,3.5
2024-04-26,An Inconvenient Truth,2006,https://boxd.it/289y,4
2024-04-26,Psycho,1960,https://boxd.it/2ab2,4.5
2024-04-26,12 Angry Men,1957,https://boxd.it/2auI,4.5
2024-04-26,Ocean's Thirteen,2007,https://boxd.it/2aEy,3.5
2024-04-26,The Wailing,2016,https://boxd.it/9fLy,4
2024-04-26,"Three Billboards Outside Ebbing, Missouri",2017,https://boxd.it/ceBS,4
2024-04-26,Dunkirk,2017,https://boxd.it/d0Y6,4.5
2024-04-26,The Favourite,2018,https://boxd.it/d2hI,3.5
2024-04-26,Hush,2016,https://boxd.it/d5ys,3.5
2024-04-26,Moonlight,2016,https://boxd.it/d6bE,4
2024-04-26,Split,2016,https://boxd.it/dgSy,4
2024-04-26,Wind River,2017,https://boxd.it/dR3i,4
2024-04-26,Isle of Dogs,2018,https://boxd.it/dZrW,4
2024-04-26,The Square,2017,https://boxd.it/e5YW,3.5
2024-04-26,Color Out of Space,2019,https://boxd.it/k1HY,3.5
2024-04-26,The Handmaid's Tale,1990,https://boxd.it/1CS2,4
2024-04-26,The Great Escape,1963,https://boxd.it/22kA,4
2024-04-26,To Kill a Mockingbird,1962,https://boxd.it/2a2E,4.5
2024-04-26,Zero Days,2016,https://boxd.it/dfle,4
2024-04-26,Sour Grapes,2016,https://boxd.it/dRRM,3.5
2024-04-26,The Meyerowitz Stories (New and Selected),2017,https://boxd.it/dSp0,3
2024-04-26,You Were Never Really Here,2017,https://boxd.it/dWOS,3
2024-04-26,Tully,2018,https://boxd.it/e4kc,3.5
2024-04-26,To the Bone,2017,https://boxd.it/e5AK,3.5
2024-04-26,Hotel Mumbai,2018,https://boxd.it/eGGg,3.5
2024-04-26,The Big Sick,2017,https://boxd.it/eHvy,3.5
2024-04-26,I Don't Feel at Home in This World Anymore,2017,https://boxd.it/f42u,3.5
2024-04-26,The Ritual,2017,https://boxd.it/fo0I,3.5
2024-04-26,Underwater,2020,https://boxd.it/fN4q,3
2024-04-26,Uncut Gems,2019,https://boxd.it/gXGc,4.5
2024-04-26,Border,2018,https://boxd.it/iMbG,3.5
2024-04-26,Maniac,2018,https://boxd.it/jX9y,4
2024-04-26,Dark,2018,https://boxd.it/nfyM,4.5
2024-04-26,Paperhouse,1988,https://boxd.it/Y50,4
2024-04-26,Willy Wonka & the Chocolate Factory,1971,https://boxd.it/2aLu,4.5
2024-04-26,Marrowbone,2017,https://boxd.it/dZVC,3.5
2024-04-26,Thelma,2017,https://boxd.it/e7Ce,3.5
2024-04-26,Roma,2018,https://boxd.it/f69M,4
2024-04-26,Vice,2018,https://boxd.it/fcFY,3.5
2024-04-26,Possessor,2020,https://boxd.it/fsJW,3
2024-04-26,Bad Times at the El Royale,2018,https://boxd.it/fSA2,3.5
2024-04-26,Glass,2019,https://boxd.it/g3uO,3
2024-04-26,Waco,2018,https://boxd.it/gjnO,4
2024-04-26,John Wick: Chapter 3 – Parabellum,2019,https://boxd.it/gmFw,4
2024-04-26,First Reformed,2017,https://boxd.it/go9C,3.5
2024-04-26,Calibre,2018,https://boxd.it/h0ru,3
2024-04-26,American Animals,2018,https://boxd.it/hE4K,3.5
2024-04-26,Upgrade,2018,https://boxd.it/i4gW,3.5
2024-04-26,The Ballad of Buster Scruggs,2018,https://boxd.it/jB2q,4
2024-04-26,Everything Everywhere All at Once,2022,https://boxd.it/jUk4,4
2024-04-26,Invincible,2021,https://boxd.it/vQt6,4
2024-04-26,The Texas Chain Saw Massacre,1974,https://boxd.it/1lcS,3.5
2024-04-26,The Wicker Man,1973,https://boxd.it/1KnG,4
2024-04-26,The Omen,1976,https://boxd.it/29By,3.5
2024-04-26,Jaws,1975,https://boxd.it/2a5e,4.5
2024-04-26,Taxi Driver,1976,https://boxd.it/2b8y,4
2024-04-26,Fawlty Towers Revisited,2005,https://boxd.it/6GJ4,3.5
2024-04-26,The Conjuring: The Devil Made Me Do It,2021,https://boxd.it/eXZY,2.5
2024-04-26,Once Upon a Time... in Hollywood,2019,https://boxd.it/gH0O,4.5
2024-04-26,Outside In,2017,https://boxd.it/gXfK,3.5
2024-04-26,Joker,2019,https://boxd.it/h4cS,4
2024-04-26,A Simple Favor,2018,https://boxd.it/hq92,3.5
2024-04-26,BlacKkKlansman,2018,https://boxd.it/hxL8,4
2024-04-26,Onward,2020,https://boxd.it/io92,4
2024-04-26,Homecoming,2018,https://boxd.it/kj8i,3.5
2024-04-26,Escape at Dannemora,2018,https://boxd.it/l0jo,4
2024-04-26,Chernobyl,2019,https://boxd.it/mkbG,4.5
2024-04-26,Watchmen,2019,https://boxd.it/ol5e,4
2024-04-26,The Black Phone,2021,https://boxd.it/sqFE,3.5
2024-04-26,Drive,2011,https://boxd.it/IG,3.5
2024-04-26,Star Wars,1977,https://boxd.it/72s,4.5
2024-04-26,Man of Steel,2013,https://boxd.it/FRk,3.5
2024-04-26,Oceans,2009,https://boxd.it/19na,3.5
2024-04-26,Jonestown: The Life and Death of Peoples Temple,2006,https://boxd.it/1a4I,3.5
2024-04-26,The Hills Have Eyes,1977,https://boxd.it/1Sa6,3
2024-04-26,Body of Lies,2008,https://boxd.it/1SvS,4
2024-04-26,Into the Wild,2007,https://boxd.it/22m2,4
2024-04-26,American Gangster,2007,https://boxd.it/23wi,4.5
2024-04-26,Mr. Brooks,2007,https://boxd.it/25nW,4
2024-04-26,Close Encounters of the Third Kind,1977,https://boxd.it/29u8,4
2024-04-26,Jazz Icons: Dexter Gordon Live in '63 and '64,2007,https://boxd.it/4xSC,4.5
2024-04-26,Three Identical Strangers,2018,https://boxd.it/hDNO,3.5
2024-04-26,Won't You Be My Neighbor?,2018,https://boxd.it/hDPU,4
2024-04-26,Alone,2020,https://boxd.it/ir2y,3
2024-04-26,Ready or Not,2019,https://boxd.it/kOf0,3
2024-04-26,Saint Maud,2019,https://boxd.it/l8QA,3.5
2024-04-26,Inheritance,2020,https://boxd.it/mdMK,4.5
2024-04-26,No Exit,2022,https://boxd.it/vqvK,3
2024-04-26,Case 39,2009,https://boxd.it/1pMq,3
2024-04-26,Clash of the Titans,2010,https://boxd.it/1GfI,3
2024-04-26,Mirrors,2008,https://boxd.it/1Q0y,3
2024-04-26,Star Trek,2009,https://boxd.it/1Q6c,4
2024-04-26,Angels & Demons,2009,https://boxd.it/1Q9K,3.5
2024-04-26,Thor,2011,https://boxd.it/1WQU,3.5
2024-04-26,TransSiberian,2008,https://boxd.it/21pO,3.5
2024-04-26,Rendition,2007,https://boxd.it/23kw,3.5
2024-04-26,Be Kind Rewind,2008,https://boxd.it/23Au,3.5
2024-04-26,The Empire Strikes Back,1980,https://boxd.it/27Vw,4.5
2024-04-26,The Incredible Hulk,2008,https://boxd.it/28dU,4
2024-04-26,Jack Reacher,2012,https://boxd.it/2BUo,3.5
2024-04-26,Mad About Men,1954,https://boxd.it/3L2S,4
2024-04-26,Dallas Buyers Club,2013,https://boxd.it/4O8G,4
2024-04-26,Planet Earth,2006,https://boxd.it/5Nx8,4.5
2024-04-26,The Mule,2018,https://boxd.it/idcY,3
2024-04-26,Yesterday,2019,https://boxd.it/iF7M,4
2024-04-26,Paddleton,2019,https://boxd.it/j4YQ,3.5
2024-04-26,Dirty John: The Dirty Truth,2019,https://boxd.it/l82U,3
2024-04-26,Nobody,2021,https://boxd.it/mLqS,3.5
2024-04-26,Unbelievable,2019,https://boxd.it/noio,4
2024-04-26,Deliver Us from Evil,2006,https://boxd.it/1QkS,4.5
2024-04-26,The Nines,2007,https://boxd.it/1R3o,3.5
2024-04-26,Seven Pounds,2008,https://boxd.it/1U8w,3.5
2024-04-26,Quantum of Solace,2008,https://boxd.it/1Vs8,3.5
2024-04-26,Funny Games,2007,https://boxd.it/207a,3.5
2024-04-26,Superbad,2007,https://boxd.it/20hO,4
2024-04-26,Shooter,2007,https://boxd.it/20TS,4
2024-04-26,The Bucket List,2007,https://boxd.it/20Ye,3.5
2024-04-26,The Darjeeling Limited,2007,https://boxd.it/24as,3.5
2024-04-26,Changeling,2008,https://boxd.it/25aS,4
2024-04-26,The Shining,1980,https://boxd.it/29Nu,4.5
2024-04-26,Raiders of the Lost Ark,1981,https://boxd.it/2bbs,4.5
2024-04-26,Blade Runner,1982,https://boxd.it/2bcA,4
2024-04-26,World War Z,2013,https://boxd.it/2p2E,3.5
2024-04-26,The Book Thief,2013,https://boxd.it/67wO,4
2024-04-26,Climax,2018,https://boxd.it/ikvo,3
2024-04-26,Turning Red,2022,https://boxd.it/ipkq,4
2024-04-26,Honey Boy,2019,https://boxd.it/ixvm,4
2024-04-26,Bodies Bodies Bodies,2022,https://boxd.it/iRcE,3.5
2024-04-26,A Quiet Place Part II,2020,https://boxd.it/iTx0,4
2024-04-26,Bad Education,2019,https://boxd.it/jiME,3.5
2024-04-26,Little Fires Everywhere,2020,https://boxd.it/pywE,4
2024-04-26,Ghostbusters,1984,https://boxd.it/g2w,4
2024-04-26,The Kids Are All Right,2010,https://boxd.it/13f0,4
2024-04-26,The Avengers,2012,https://boxd.it/1xFW,4
2024-04-26,Trick 'r Treat,2007,https://boxd.it/1zvE,3.5
2024-04-26,The Town,2010,https://boxd.it/1zyS,4
2024-04-26,Cloudy with a Chance of Meatballs,2009,https://boxd.it/1A40,4
2024-04-26,The Brothers Bloom,2008,https://boxd.it/1Bqm,3.5
2024-04-26,The Collector,2009,https://boxd.it/1BY4,3.5
2024-04-26,The Last House on the Left,2009,https://boxd.it/1H2q,3
2024-04-26,Taxi to the Dark Side,2007,https://boxd.it/1Qlc,4
2024-04-26,Sunshine Cleaning,2008,https://boxd.it/1QRs,3.5
2024-04-26,Ponyo,2008,https://boxd.it/1S0A,4
2024-04-26,Step Brothers,2008,https://boxd.it/1SsE,3.5
2024-04-26,Monty Python's The Meaning of Life,1983,https://boxd.it/249E,4
2024-04-26,Return of the Jedi,1983,https://boxd.it/27Vm,4.5
2024-04-26,Trading Places,1983,https://boxd.it/28sK,3.5
2024-04-26,E.T. the Extra-Terrestrial,1982,https://boxd.it/2a1G,4
2024-04-26,Nausicaä of the Valley of the Wind,1984,https://boxd.it/2bc6,4.5
2024-04-26,Epic,2013,https://boxd.it/3SNm,3
2024-04-26,1917,2019,https://boxd.it/jj4y,4.5
2024-04-26,His House,2020,https://boxd.it/l8Qq,3.5
2024-04-26,Teenage Mutant Ninja Turtles: Mutant Mayhem,2023,https://boxd.it/mK0a,4
2024-04-26,The Outsider,2020,https://boxd.it/oLTk,4
2024-04-26,The Hobbit: An Unexpected Journey,2012,https://boxd.it/GZk,3.5
2024-04-26,Unthinkable,2010,https://boxd.it/16y0,4
2024-04-26,The Blind Side,2009,https://boxd.it/1zWg,4
2024-04-26,Monsters vs Aliens,2009,https://boxd.it/1M50,3.5
2024-04-26,Labyrinth,1986,https://boxd.it/1POC,3.5
2024-04-26,The Hurt Locker,2008,https://boxd.it/1Soi,4
2024-04-26,Shrek Forever After,2010,https://boxd.it/1WRo,3
2024-04-26,How to Train Your Dragon,2010,https://boxd.it/1WRy,4.5
2024-04-26,Pineapple Express,2008,https://boxd.it/1WRS,4
2024-04-26,The Mist,2007,https://boxd.it/22r2,3.5
2024-04-26,Midsommar,2019,https://boxd.it/jhxe,4
2024-04-26,Knives Out,2019,https://boxd.it/jWEA,4
2024-04-26,Dave Not Coming Back,2020,https://boxd.it/rHsg,3.5
2024-04-26,Source Code,2011,https://boxd.it/fdo,4
2024-04-26,Black Swan,2010,https://boxd.it/Sw0,4.5
2024-04-26,Salt,2010,https://boxd.it/1rtK,3
2024-04-26,Green Zone,2010,https://boxd.it/1zNS,4
2024-04-26,Robin Hood,2010,https://boxd.it/1D6o,4
2024-04-26,Doubt,2008,https://boxd.it/1OfQ,4
2024-04-26,The King of Kong: A Fistful of Quarters,2007,https://boxd.it/1P2y,4
2024-04-26,Harry Potter and the Deathly Hallows: Part 1,2010,https://boxd.it/1RYu,4
2024-04-26,Dragon Hunters,2008,https://boxd.it/1VmE,4
2024-04-26,Wall Street,1987,https://boxd.it/1VFG,4
2024-04-26,Castle in the Sky,1986,https://boxd.it/1W4G,4
2024-04-26,Taken,2008,https://boxd.it/1ZXa,4
2024-04-26,The Happening,2008,https://boxd.it/200o,1.5
2024-04-26,The Princess Bride,1987,https://boxd.it/26EY,4
2024-04-26,The Amazing Spider-Man,2012,https://boxd.it/27PI,3
2024-04-26,Spaceballs,1987,https://boxd.it/29cy,3.5
2024-04-26,A Fish Called Wanda,1988,https://boxd.it/29YC,3.5
2024-04-26,Full Metal Jacket,1987,https://boxd.it/2a1Q,4.5
2024-04-26,Game of Thrones - Conquest & Rebellion: An Animated History of the Seven Kingdoms,2017,https://boxd.it/hKwg,4.5
2024-04-26,El Camino: A Breaking Bad Movie,2019,https://boxd.it/kv0q,3.5
2024-04-26,Spider-Man: Across the Spider-Verse,2023,https://boxd.it/kSz4,4.5
2024-04-26,Andor,2022,https://boxd.it/D4Pk,4.5
2024-04-26,The Lost Flowers of Alice Hart,2023,https://boxd.it/I7Nw,4
2024-04-26,The Fighter,2010,https://boxd.it/PP4,4
2024-04-26,Hugo,2011,https://boxd.it/R08,4.5
2024-04-26,Fair Game,2010,https://boxd.it/169u,3.5
2024-04-26,Big River Man,2009,https://boxd.it/1tmc,4
2024-04-26,Kiki's Delivery Service,1989,https://boxd.it/1JAY,4
2024-04-26,Red,2008,https://boxd.it/1QBE,3.5
2024-04-26,A Perfect Getaway,2009,https://boxd.it/1S3Y,3
2024-04-26,The Ruins,2008,https://boxd.it/1UvA,3
2024-04-26,My Neighbor Totoro,1988,https://boxd.it/20eA,4
2024-04-26,The International,2009,https://boxd.it/23zG,3
2024-04-26,The Abyss,1989,https://boxd.it/26mK,4
2024-04-26,Rain Man,1988,https://boxd.it/2avw,4
2024-04-26,Batman,1989,https://boxd.it/2aIU,4
2024-04-26,Dead Poets Society,1989,https://boxd.it/2aSg,4
2024-04-26,Indiana Jones and the Last Crusade,1989,https://boxd.it/2baO,4.5
2024-04-26,Nomadland,2020,https://boxd.it/lnRy,3.5
2024-04-26,Black Bear,2020,https://boxd.it/n8ru,3.5
2024-04-26,Behind Her Eyes,2021,https://boxd.it/qin4,3.5
2024-04-26,Halston,2021,https://boxd.it/uYHS,3.5
2024-04-26,The Simpsons Christmas Special,1989,https://boxd.it/x9ie,5
2024-04-26,Hanna,2011,https://boxd.it/DBE,3.5
2024-04-26,Mary and Max,2009,https://boxd.it/1y2m,4
2024-04-26,Surrogates,2009,https://boxd.it/1EiU,3
2024-04-26,The Adventures of Tintin,2011,https://boxd.it/1Irc,4
2024-04-26,Traitor,2008,https://boxd.it/1Qu4,4
2024-04-26,Henry: Portrait of a Serial Killer,1986,https://boxd.it/1VCM,3.5
2024-04-26,Sherlock Holmes,2009,https://boxd.it/1W2A,4
2024-04-26,The Chronicles of Narnia: The Voyage of the Dawn Treader,2010,https://boxd.it/1WZs,3
2024-04-26,Jacob's Ladder,1990,https://boxd.it/270g,4
2024-04-26,Valkyrie,2008,https://boxd.it/275g,4
2024-04-26,Home Alone,1990,https://boxd.it/29Fg,3.5
2024-04-26,Edward Scissorhands,1990,https://boxd.it/2aZc,4
2024-04-26,The Wolf of Wall Street,2013,https://boxd.it/3C1m,4.5
2024-04-26,Judas and the Black Messiah,2021,https://boxd.it/lsew,4
2024-04-26,I Care a Lot,2020,https://boxd.it/mcHk,3
2024-04-26,They Cloned Tyrone,2023,https://boxd.it/rE7a,3.5
2024-04-26,Saw X,2023,https://boxd.it/zUWk,3
2024-04-26,Anatomy of a Fall,2023,https://boxd.it/yuDE,4.5
2024-04-26,A Man Called Otto,2022,https://boxd.it/zl06,3.5
2024-04-26,Foe,2023,https://boxd.it/sy7U,2.5
2024-04-26,Missing,2023,https://boxd.it/sS1W,3
2024-04-26,Infinity Pool,2023,https://boxd.it/oPSK,4
2024-04-26,Weird: The Al Yankovic Story,2022,https://boxd.it/yYZA,4
2024-04-26,Causeway,2022,https://boxd.it/lWQq,3
2024-04-26,Glass Onion,2022,https://boxd.it/oCkK,3
2024-04-26,The Fabelmans,2022,https://boxd.it/ugoM,4.5
2024-04-26,She Said,2022,https://boxd.it/vBaI,3
2024-04-26,Civil War,2024,https://boxd.it/z1jW,3
2024-04-27,Fresh,2022,https://boxd.it/tCNi,2.5
2024-04-27,Under the Skin,2013,https://boxd.it/3mDa,3.5
2024-04-27,Misery,1990,https://boxd.it/28gY,3.5
2024-04-27,Malignant,2021,https://boxd.it/mViE,4
2024-04-27,Tenet,2020,https://boxd.it/leq4,4
2024-04-29,Dream Scenario,2023,https://boxd.it/v2h0,3
2024-04-29,Wonka,2023,https://boxd.it/tCQm,3
2024-04-29,Red Rocket,2021,https://boxd.it/sGpi,3.5
2024-04-29,Lars and the Real Girl,2007,https://boxd.it/21tG,4
2024-04-29,Puss in Boots: The Last Wish,2022,https://boxd.it/aaie,4
2024-05-10,The Fall Guy,2024,https://boxd.it/s0Bm,3.5
2024-05-16,Challengers,2024,https://boxd.it/zld0,4.5
2024-05-16,Ocean's Eleven,2001,https://boxd.it/2aZm,4
2024-05-16,Clue,1985,https://boxd.it/1MDQ,4
2024-05-16,Lake Mungo,2008,https://boxd.it/1rWM,3.5
2024-05-16,The Raid 2,2014,https://boxd.it/5uz0,4
2024-05-19,Late Night with the Devil,2023,https://boxd.it/zo6G,3
2024-05-19,I Saw the TV Glow,2024,https://boxd.it/woVe,3.5
2024-05-24,Eileen,2023,https://boxd.it/oJcS,3.5
2024-05-25,A Monster Calls,2016,https://boxd.it/7DjE,4
2024-05-26,V for Vendetta,2005,https://boxd.it/29Ik,4
2024-05-26,Furiosa: A Mad Max Saga,2024,https://boxd.it/tABk,4
2024-05-26,The Master,2012,https://boxd.it/2cBG,4
2024-05-27,The Squid and the Whale,2005,https://boxd.it/1VAG,4
2024-06-10,Black Mirror: Loch Henry,2023,https://boxd.it/H7Pg,4
2024-06-14,Under the Bridge,2024,https://boxd.it/MEpA,4
2024-06-18,The First Omen,2024,https://boxd.it/fx08,3.5
2024-07-10,I Used to Be Funny,2023,https://boxd.it/yzvU,4
2024-07-30,Revenge,2017,https://boxd.it/gL9g,3.5
2024-10-05,The Substance,2024,https://boxd.it/zanS,4.5
2024-10-05,The Wild Robot,2024,https://boxd.it/IWFy,4
2024-10-31,Anora,2024,https://boxd.it/Egcw,4
2024-10-31,Caddo Lake,2024,https://boxd.it/wDSu,3.5
2024-10-31,Strange Darling,2023,https://boxd.it/CVIk,3
2024-10-31,It's What's Inside,2024,https://boxd.it/DOV4,3.5
2024-11-18,A Real Pain,2024,https://boxd.it/CjNG,4
2024-11-21,Ferrari,2023,https://boxd.it/cEtq,2
2024-11-21,Tangerine,2015,https://boxd.it/9QRe,4
2024-11-21,Over the Garden Wall,2014,https://boxd.it/eqFw,5
2024-11-21,The Taking of Deborah Logan,2014,https://boxd.it/9r3o,2
2024-11-21,The Guilty,2018,https://boxd.it/hw9i,3
2024-11-28,Heretic,2024,https://boxd.it/H1lY,3.5
2025-01-26,A Complete Unknown,2024,https://boxd.it/oBYa,3
2025-01-26,Nosferatu,2024,https://boxd.it/f5eG,4
2025-02-01,On the Count of Three,2021,https://boxd.it/tbfI,3.5
2025-02-01,Babyteeth,2019,https://boxd.it/iWDU,4
2025-02-18,Companion,2025,https://boxd.it/F04o,4
2025-03-24,Mickey 17,2025,https://boxd.it/q1Dk,4
2025-03-24,Adolescence,2025,https://boxd.it/TFGw,4.5
2025-04-20,Emilia Pérez,2024,https://boxd.it/AP3G,2
2025-04-20,Tickled,2016,https://boxd.it/cWEG,3
2025-04-20,Irreversible,2002,https://boxd.it/29as,4
2025-04-20,Pride & Prejudice,2005,https://boxd.it/24u8,4
2025-04-20,The Hunt,2012,https://boxd.it/3wEC,3.5
2025-05-13,In the Mood for Love,2000,https://boxd.it/29tE,4.5
2025-05-13,American Movie,1999,https://boxd.it/1Oty,4
2025-05-13,Pig,2021,https://boxd.it/nzoW,4
2025-06-06,Longlegs,2024,https://boxd.it/KzLM,3
2025-06-06,Bring Her Back,2025,https://boxd.it/Hxlc,4
2025-06-06,The Cabin in the Woods,2011,https://boxd.it/1zOc,4
2025-06-06,Friendship,2024,https://boxd.it/L6Dc,4
2025-06-06,Mysterious Skin,2004,https://boxd.it/1UsG,4
2025-07-10,I'm Still Here,2024,https://boxd.it/BPEO,4
2025-07-13,Presence,2024,https://boxd.it/H88i,3.5
2025-07-29,Dangerous Animals,2025,https://boxd.it/N3Qc,3.5
2025-07-29,28 Years Later,2025,https://boxd.it/FEGM,3.5
2025-08-03,Finding Nemo,2003,https://boxd.it/72i,4.5
2025-08-20,Weapons,2025,https://boxd.it/EMTM,4
2025-08-20,"Sorry, Baby",2025,https://boxd.it/JKNi,4.5
2025-08-20,Together,2025,https://boxd.it/LdFE,3
2025-10-04,Sinners,2025,https://boxd.it/KQMM,4
2025-10-04,Mountainhead,2025,https://boxd.it/Sskq,2
2025-10-04,Conclave,2024,https://boxd.it/AO8q,3.5
2025-10-04,MaXXXine,2024,https://boxd.it/CIM4,3.5
2025-10-04,Grounded II: Making The Last of Us Part II,2024,https://boxd.it/KIge,4.5
2025-10-04,The Outrun,2024,https://boxd.it/txPo,4
2025-10-04,Dune: Part Two,2024,https://boxd.it/pUfA,4.5
2025-10-04,The Zone of Interest,2023,https://boxd.it/gJsA,4.5
2025-10-06,One Battle After Another,2025,https://boxd.it/DUHM,5
2025-10-06,Inception,2010,https://boxd.it/1skk,4.5
2025-10-06,Shutter Island,2010,https://boxd.it/1U82,4.5
2025-10-06,The Shawshank Redemption,1994,https://boxd.it/2aHi,4
2025-10-06,Requiem for a Dream,2000,https://boxd.it/29VI,4
2025-10-06,Alien,1979,https://boxd.it/2awY,4.5
2025-10-06,Thief,1981,https://boxd.it/1TEc,3
2025-10-10,The Long Walk,2025,https://boxd.it/mic8,3.5
2025-10-10,The Ballad of Wallis Island,2025,https://boxd.it/GqT0,3.5
2025-10-10,Eddington,2025,https://boxd.it/o6MC,4
2025-10-29,The Perfect Neighbor,2025,https://boxd.it/RSG6,3.5
2025-10-29,If I Had Legs I'd Kick You,2025,https://boxd.it/HUtS,4.5
2025-11-17,Grounded: Making The Last of Us,2013,https://boxd.it/6jLw,4
2025-11-17,"South Park: Bigger, Longer & Uncut",1999,https://boxd.it/1YAO,4
2025-11-17,Inside Man,2006,https://boxd.it/2auS,4.5
2025-11-17,God of War,2017,https://boxd.it/geXM,1
2025-11-17,The Last of Us,2016,https://boxd.it/enmQ,1
2025-11-17,The Hexer,2001,https://boxd.it/n5C,1
2025-11-17,Severance,2022,https://boxd.it/JJym,1
2025-11-17,The Leftovers,1986,https://boxd.it/fOau,1
2025-11-17,Jury Duty,1995,https://boxd.it/1FhI,1
2025-11-17,House of Cards,1990,https://boxd.it/5tqG,1
2025-11-17,Sherlock: Case of Evil,2002,https://boxd.it/MU6,1
2025-11-17,Black Mirror,2011,https://boxd.it/g9rm,1
2025-11-24,Sentimental Value,2025,https://boxd.it/GwcG,5
2025-12-02,Alpha Dog,2006,https://boxd.it/20Va,3
2025-12-02,The Night House,2020,https://boxd.it/jZze,2.5
2025-12-02,Saltburn,2023,https://boxd.it/z4eg,2.5
2025-12-10,Hamnet,2025,https://boxd.it/woVy,3
2025-12-10,Past Lives,2023,https://boxd.it/oNB8,3
2026-01-05,Avatar: Fire and Ash,2025,https://boxd.it/2W7s,3
2026-01-08,Marty Supreme,2025,https://boxd.it/Off0,4.5
2026-01-20,28 Years Later: The Bone Temple,2026,https://boxd.it/MwlA,4
2026-02-08,Bugonia,2025,https://boxd.it/qeWY,4
2026-02-09,Send Help,2026,https://boxd.it/JuhA,3.5
2026-02-24,The Menu,2022,https://boxd.it/lScm,3
2026-03-24,Project Hail Mary,2026,https://boxd.it/pEeQ,4
2026-04-10,The Drama,2026,https://boxd.it/OA2w,4
2026-04-13,Pillion,2025,https://boxd.it/N6Pw,3.5
